"Name","Team","Age","G","AB","PA","H","1B","2B","3B","HR","R","RBI","BB","IBB","SO","HBP","SF","SH","GDP","SB","CS","AVG","playerid"
"Jesus Anguamea","Mexican (AAA)","23","1","1","1","1","1","0","0","0","0","0","0","0","0","0","0","0","0","0","0","1.000","sa737569"
"Jorge Gonzalez","Mexican (AAA)","19","6","9","9","5","4","0","0","1","5","4","0","0","2","0","0","0","0","0","0",".556","sa3002580"
"Michael Wing","Mexican (AAA)","28","7","19","24","10","6","2","0","2","3","8","2","0","2","1","2","0","2","0","1",".526","sa392185"
"Julian Ornelas","Mexican (AAA)","20","10","27","30","11","8","3","0","0","3","6","3","0","8","0","0","0","0","0","0",".407","sa3002601"
"Chris Roberson","Mexican (AAA)","37","59","250","285","99","62","21","3","13","56","45","23","6","35","4","6","2","5","11","6",".396","3577"
"Yadir Drake","Mexican (AAA)","27","66","244","280","96","59","21","2","14","44","57","27","3","38","4","5","0","7","6","4",".393","sa869674"
"Asael Sanchez","Mexican (AAA)","23","11","28","32","11","9","2","0","0","6","5","3","0","5","1","0","0","0","0","0",".393","sa868927"
"Jesus Valdez","Mexican (AAA)","32","55","205","223","80","55","18","0","7","37","31","15","2","26","2","1","0","3","2","3",".390","sa244229"
"Oscar Sanay","Mexican (AAA)","25","35","71","81","27","25","1","0","1","17","8","7","0","9","0","0","3","0","2","2",".380","sa830476"
"Jesus Castillo","Mexican (AAA)","34","66","255","300","96","63","19","0","14","53","58","44","7","42","0","1","0","6","8","3",".376","sa508184"
"Carlos Mendivil","Mexican (AAA)","23","15","32","35","12","7","4","0","1","4","8","3","0","5","0","0","0","1","0","1",".375","sa737687"
"Jasson Atondo","Mexican (AAA)","21","15","27","28","10","9","1","0","0","3","2","1","0","2","0","0","0","1","0","1",".370","sa868933"
"Said Gutierrez","Mexican (AAA)","37","34","114","129","42","33","4","0","5","15","28","7","0","14","5","1","2","6","0","0",".368","sa198297"
"Zoilo Almonte","Mexican (AAA)","28","64","262","295","96","57","27","1","11","49","46","25","4","56","5","3","0","5","0","0",".366","6732"
"Max Ramirez","Mexican (AAA)","32","47","170","201","62","43","11","0","8","26","27","28","0","27","2","1","0","7","1","1",".365","5039"
"Justin Greene","Mexican (AAA)","31","60","239","272","87","66","11","1","9","57","25","27","0","47","4","1","1","6","34","13",".364","sa455434"
"Carlos Valencia","Mexican (AAA)","37","14","44","46","16","11","1","0","4","9","12","1","0","6","1","0","0","1","0","1",".364","sa185137"
"Hans Wilson","Mexican (AAA)","31","13","33","34","12","12","0","0","0","2","5","0","0","4","0","0","1","2","1","0",".364","sa507241"
"Daniel Mayora","Mexican (AAA)","31","66","259","289","94","71","15","0","8","45","37","25","0","40","3","2","0","10","8","0",".363","sa291160"
"Jibran Castro","Mexican (AAA)","21","10","14","17","5","3","2","0","0","2","6","2","0","0","0","0","1","0","1","0",".357","sa914045"
"Antonio Lamas","Mexican (AAA)","27","56","188","212","67","52","9","2","4","43","33","18","2","16","3","2","1","5","8","4",".356","sa502224"
"Alberto Callaspo","Mexican (AAA)","34","15","59","67","21","16","5","0","0","10","10","6","1","7","1","1","0","2","0","2",".356","3336"
"Francisco Lugo","Mexican (AAA)","25","50","180","197","64","52","7","1","4","37","29","9","0","21","3","0","5","6","5","2",".356","sa505990"
"Jesus Rivera","Mexican (AAA)","39","39","124","138","44","35","9","0","0","10","20","11","1","14","1","0","2","5","3","0",".355","sa205255"
"Victor Mendoza","Mexican (AAA)","26","24","62","66","22","12","4","0","6","9","21","3","0","11","0","0","1","2","0","0",".355","sa722315"
"Ivan Terrazas","Mexican (AAA)","33","62","240","257","85","59","23","0","3","31","48","13","2","28","1","0","3","9","0","1",".354","sa254504"
"Luis Borges","Mexican (AAA)","36","60","215","234","76","61","14","0","1","29","26","13","2","15","0","0","6","10","1","1",".353","sa199621"
"Jose Augusto Figueroa","Mexican (AAA)","24","40","117","123","41","30","7","3","1","18","14","4","0","26","1","0","1","4","1","2",".350","sa597028"
"Alex Romero","Mexican (AAA)","33","63","252","281","88","80","5","1","2","38","23","20","3","15","3","1","5","4","3","3",".349","3129"
"Amadeo Zazueta","Mexican (AAA)","31","58","230","243","80","55","18","1","6","41","36","10","0","26","1","2","0","7","5","3",".348","sa328602"
"Endy Chavez","Mexican (AAA)","39","54","236","260","82","68","9","0","5","34","35","20","1","18","0","0","4","2","1","5",".347","768"
"Carlos Figueroa","Mexican (AAA)","25","62","256","283","88","77","8","2","1","59","21","21","2","39","1","1","4","5","22","5",".344","sa659614"
"Ramon Urias","Mexican (AAA)","23","64","236","285","81","50","20","1","10","59","54","24","0","52","19","3","3","10","7","4",".343","sa597169"
"Humberto Castro","Mexican (AAA)","26","45","120","132","41","36","3","0","2","19","12","8","0","16","3","0","1","7","1","2",".342","sa633745"
"Alan Sanchez","Mexican (AAA)","28","59","238","261","81","62","12","2","5","34","31","19","5","40","1","0","3","5","2","4",".340","sa545731"
"Sandy Madera","Mexican (AAA)","36","63","239","269","81","60","15","0","6","29","33","26","2","19","2","2","0","5","0","0",".339","sa208622"
"Jordany Valdespin","- - -","29","60","219","259","74","57","10","3","4","42","34","33","3","28","4","1","2","6","12","6",".338","5098"
"Erick Rodriguez","Mexican (AAA)","37","58","172","184","58","52","4","1","1","14","20","9","0","13","0","0","3","3","1","2",".337","sa509641"
"Jesus Arredondo","Mexican (AAA)","26","63","236","270","79","53","17","1","8","43","50","28","4","40","2","3","1","8","5","3",".335","sa635035"
"Hector Garanzuay","Mexican (AAA)","36","4","3","3","1","0","1","0","0","0","2","0","0","1","0","0","0","0","0","0",".333","sa502223"
"Carlos Garzon","Mexican (AAA)","25","5","9","10","3","2","1","0","0","1","2","0","0","0","0","0","1","1","0","0",".333","sa595969"
"Marco Chicuate","Mexican (AAA)","24","16","39","42","13","10","1","0","2","4","6","1","0","6","0","1","1","2","0","0",".333","sa653586"
"Ramon Ulises Villa","Mexican (AAA)","21","6","9","11","3","3","0","0","0","1","1","1","0","3","0","1","0","0","0","0",".333","sa920967"
"Saul Soto","Mexican (AAA)","38","65","233","288","77","57","12","0","8","37","42","51","3","39","0","4","0","10","0","0",".330","sa211076"
"Jairo Perez","Mexican (AAA)","29","59","227","245","75","53","14","0","8","36","44","11","0","29","5","1","1","10","6","3",".330","sa504599"
"Julio Borbon","Mexican (AAA)","31","46","179","205","59","47","8","2","2","35","13","17","3","18","3","2","4","4","8","2",".330","3209"
"Ricky Alvarez","Mexican (AAA)","28","66","267","290","88","50","23","2","13","49","75","13","2","35","6","4","0","12","5","2",".330","sa462415"
"Juan Carlos Gamboa","Mexican (AAA)","26","29","85","101","28","20","6","0","2","14","12","14","1","15","1","1","0","2","3","1",".329","sa542553"
"Diego Madero","Mexican (AAA)","25","48","167","182","55","41","11","2","1","27","20","10","0","21","3","0","2","2","6","2",".329","sa651307"
"Brian Hernandez","Mexican (AAA)","28","60","225","252","74","56","13","1","4","33","43","21","1","31","3","2","1","13","1","1",".329","sa503330"
"Cesar Tapia","Mexican (AAA)","34","59","213","250","70","50","13","0","7","38","34","31","4","25","3","3","0","8","4","0",".329","sa508485"
"Tim Torres","Mexican (AAA)","33","17","55","70","18","16","1","0","1","9","10","12","1","15","0","3","0","0","2","1",".327","sa328090"
"Welington Dotel","Mexican (AAA)","31","63","248","269","81","55","13","4","9","52","37","16","1","52","2","1","2","5","12","12",".327","sa328836"
"Ramon Rios","Mexican (AAA)","29","56","227","248","74","62","9","0","3","36","18","15","0","20","1","2","3","10","0","0",".326","sa509434"
"Carlos Lopez","Mexican (AAA)","20","21","40","43","13","9","3","0","1","5","7","2","0","12","0","1","0","0","0","0",".325","sa3002056"
"Paul Leon","Mexican (AAA)","28","54","191","213","62","43","12","0","7","32","30","15","0","37","3","1","3","3","1","0",".325","sa546826"
"Balbino Fuenmayor","Mexican (AAA)","27","46","182","200","59","39","8","0","12","30","42","15","1","24","1","2","0","5","0","0",".324","sa356978"
"Jesus Fabela","Mexican (AAA)","22","42","130","155","42","29","7","1","5","29","20","17","0","11","4","1","3","5","3","1",".323","sa3001061"
"Leo Heras","Mexican (AAA)","27","60","223","258","72","48","14","7","3","46","34","30","3","46","1","3","1","0","12","6",".323","sa508065"
"Anderson Hernandez","Mexican (AAA)","34","66","267","291","86","58","20","5","3","52","46","19","1","39","0","2","2","6","6","1",".322","3366"
"Carlos Alberto Gastelum","Mexican (AAA)","37","59","227","258","73","61","10","1","1","31","22","16","0","24","7","2","6","8","3","3",".322","sa198097"
"Ivan Araujo","Mexican (AAA)","33","44","140","153","45","40","4","0","1","19","13","11","0","27","1","1","0","3","5","0",".321","sa509253"
"Jaime Brena","Mexican (AAA)","36","42","150","178","48","38","9","0","1","18","11","16","0","17","5","0","7","5","1","0",".320","sa508052"
"Roberto Lopez","Mexican (AAA)","31","52","147","169","47","33","5","1","8","29","25","20","2","35","1","0","1","1","2","2",".320","sa454598"
"Jose Carlos Urena","Mexican (AAA)","22","49","147","169","47","31","9","0","7","23","21","18","3","44","3","1","0","4","0","0",".320","sa657491"
"Alejandro Ortiz","Mexican (AAA)","27","39","119","132","38","25","11","0","2","18","17","10","2","22","2","1","0","3","0","3",".319","sa508095"
"Yordanys Linares","Mexican (AAA)","28","27","110","121","35","26","5","3","1","17","9","5","1","16","4","0","2","1","6","6",".318","sa3002576"
"Ronnier Mustelier","Mexican (AAA)","32","47","176","194","56","47","7","1","1","25","22","16","2","17","1","1","0","4","3","0",".318","sa601536"
"Leo German","Mexican (AAA)","24","61","192","215","61","51","10","0","0","32","16","12","1","41","3","2","6","7","13","5",".318","sa728813"
"Alfredo Amezaga","- - -","39","50","189","217","60","50","9","0","1","26","27","20","0","34","4","1","3","10","4","4",".317","1"
"Domingo Castro","Mexican (AAA)","37","16","38","42","12","12","0","0","0","3","8","1","0","6","1","0","2","1","1","0",".316","sa185832"
"Agustin Murillo","Mexican (AAA)","35","31","114","127","36","28","4","0","4","18","14","12","1","11","0","0","1","3","1","2",".316","sa244092"
"Jesus Navarro","Mexican (AAA)","29","14","19","20","6","4","1","0","1","1","1","1","0","6","0","0","0","0","0","0",".316","sa456098"
"Cyle Hankerd","Mexican (AAA)","32","60","216","247","68","41","13","1","13","48","50","19","1","38","11","1","0","10","0","0",".315","sa326676"
"Dave Sappelt","- - -","30","50","210","236","66","43","16","2","5","38","22","24","1","32","1","1","0","4","2","2",".314","6898"
"Willy Taveras","Mexican (AAA)","35","63","258","296","81","56","9","6","10","52","44","18","2","49","16","2","2","2","12","2",".314","1876"
"Corey Brown","Mexican (AAA)","31","65","230","280","72","38","13","4","17","51","61","46","2","73","0","3","1","1","10","2",".313","2650"
"Manny Rodriguez","Mexican (AAA)","34","61","230","267","72","46","18","0","8","40","58","33","1","31","0","4","0","3","11","1",".313","sa509273"
"Abel Martinez","Mexican (AAA)","40","27","96","107","30","26","2","0","2","14","11","9","0","17","1","1","0","5","0","1",".313","sa203950"
"Gilberto Galaviz","Mexican (AAA)","25","34","80","87","25","23","2","0","0","8","8","5","0","3","1","0","1","5","0","1",".313","sa597945"
"Issmael Salas","Mexican (AAA)","34","62","250","282","78","53","16","0","9","32","33","26","1","23","5","0","1","8","2","1",".312","sa201344"
"Frank Diaz","Mexican (AAA)","33","63","247","273","77","50","15","1","11","36","44","24","1","37","1","1","0","6","2","0",".312","sa200361"
"Esteban Quiroz","Mexican (AAA)","25","54","174","216","54","28","18","0","8","37","33","38","8","30","1","0","3","4","4","0",".310","sa596560"
"Julian Castro","Mexican (AAA)","28","31","113","125","35","27","5","1","2","18","11","6","0","17","0","0","6","3","3","2",".310","sa546293"
"Christian Zazueta","Mexican (AAA)","32","63","256","269","79","58","16","1","4","44","30","7","1","39","3","2","1","4","19","6",".309","sa508617"
"Carlos Rodriguez","Mexican (AAA)","35","62","240","256","74","44","17","2","11","33","46","14","1","69","1","1","0","10","0","0",".308","sa509441"
"Angel Erro","Mexican (AAA)","22","14","13","15","4","2","2","0","0","3","3","0","0","2","1","0","1","0","0","0",".308","sa824919"
"Diory Hernandez","- - -","33","34","137","147","42","26","9","2","5","28","18","8","1","26","0","2","0","3","1","0",".307","4950"
"Jaime Pedroza","Mexican (AAA)","30","45","147","183","45","32","10","0","3","22","21","30","3","39","2","2","2","1","4","3",".306","sa389397"
"Juan Miranda","Mexican (AAA)","34","13","36","49","11","7","3","0","1","7","13","10","0","9","2","1","0","1","0","0",".306","7783"
"Emmanuel Avila","Mexican (AAA)","28","56","220","236","67","43","14","2","8","30","36","11","3","14","3","1","1","7","0","0",".305","sa393008"
"Ramon R Ramirez","Mexican (AAA)","26","42","102","112","31","18","8","0","5","9","18","6","0","27","1","0","3","1","2","2",".304","sa509254"
"Alberto Carreon","Mexican (AAA)","29","65","257","290","78","61","11","2","4","52","31","17","0","34","5","4","7","13","11","5",".304","sa508493"
"Juan Martinez","Mexican (AAA)","30","60","234","257","71","52","10","3","6","29","30","20","1","44","0","1","2","7","1","1",".303","sa502541"
"Robert Vasquez","- - -","30","21","66","80","20","16","2","1","1","13","9","11","1","21","2","0","1","1","2","2",".303","sa396251"
"Sergio Burruel","Mexican (AAA)","25","53","162","183","49","40","8","0","1","12","27","16","0","20","0","1","4","5","0","3",".302","sa502070"
"Samar Leyva","Mexican (AAA)","22","60","209","225","63","48","12","1","2","30","23","9","0","30","5","0","2","6","6","3",".301","sa824634"
"Yosmany Guerra","Mexican (AAA)","34","63","256","288","77","55","13","8","1","36","24","28","1","33","3","1","0","9","3","5",".301","sa714135"
"Miguel Torrero","Mexican (AAA)","33","58","200","216","60","53","4","1","2","21","24","9","1","17","5","1","1","4","4","1",".300","sa508490"
"Marco Guzman","Mexican (AAA)","22","30","90","98","27","19","6","0","2","11","8","3","0","21","0","1","4","2","1","0",".300","sa657485"
"Fabricio Macias","Mexican (AAA)","19","43","90","95","27","22","2","3","0","19","9","5","0","18","0","0","0","1","10","1",".300","sa927338"
"Eliezer Ortiz","Mexican (AAA)","29","54","191","207","57","44","10","2","1","19","24","9","0","43","4","1","2","7","5","3",".298","sa508491"
"Gerson Manzanillo","Mexican (AAA)","31","58","208","223","62","49","9","4","0","29","13","12","0","27","1","0","2","3","9","3",".298","sa393018"
"Jose Ruiz","Mexican (AAA)","32","64","255","277","76","50","12","2","12","35","49","19","3","54","2","1","0","10","5","1",".298","sa523975"
"Luis Mauricio Suarez","Mexican (AAA)","38","53","198","229","59","49","7","1","2","27","20","25","4","26","3","0","3","11","3","1",".298","sa508488"
"Carlos Lopez","Mexican (AAA)","27","59","235","255","70","60","10","0","0","33","22","18","1","34","0","2","0","3","0","2",".298","sa550060"
"Ricardo Vazquez","Mexican (AAA)","32","23","37","39","11","8","3","0","0","3","3","1","0","13","0","1","0","1","0","0",".297","sa509432"
"Daniel Cornejo","Mexican (AAA)","26","17","44","47","13","12","1","0","0","5","1","1","0","9","1","1","0","1","2","0",".295","sa977260"
"Alfredo Lopez","Mexican (AAA)","27","24","61","67","18","16","2","0","0","8","2","3","0","6","0","0","3","1","2","0",".295","sa549427"
"Eduardo Revilla","Mexican (AAA)","24","38","112","123","33","26","6","0","1","12","12","6","0","28","2","0","2","8","0","0",".295","sa870576"
"Niko Vasquez","Mexican (AAA)","28","28","102","114","30","19","8","0","3","16","11","8","0","30","3","1","0","1","5","1",".294","sa454460"
"Cristhian Presichi","Mexican (AAA)","36","60","225","258","66","55","10","1","0","36","30","26","1","26","0","4","3","7","10","3",".293","sa184892"
"Dan Johnson","Mexican (AAA)","37","26","93","114","27","16","5","1","5","15","17","16","1","21","4","1","0","0","0","1",".290","2167"
"Rainel Rosario","Mexican (AAA)","28","64","248","281","72","48","8","1","15","49","59","28","0","43","2","3","0","8","7","1",".290","sa396238"
"Ivan Jimenez","Mexican (AAA)","24","45","131","152","38","29","7","1","1","18","10","17","0","34","2","0","2","2","7","1",".290","sa652169"
"Alex Valdez","Mexican (AAA)","32","61","221","261","64","42","10","1","11","42","39","34","6","42","1","5","0","1","1","1",".290","sa254456"
"Donald Lutz","Mexican (AAA)","28","10","38","45","11","10","1","0","0","8","5","5","3","13","1","1","0","0","2","1",".289","10154"
"J.P. Ramirez","Mexican (AAA)","27","40","114","120","33","27","6","0","0","15","12","3","0","22","2","1","0","6","3","0",".289","sa455310"
"Yuniesky Betancourt","Mexican (AAA)","35","21","83","92","24","19","4","0","1","11","15","4","0","4","0","4","1","2","0","0",".289","8585"
"Nate Freiman","- - -","30","36","128","160","37","22","7","1","7","24","22","28","2","26","3","1","0","4","0","0",".289","6582"
"Enrique Osorio","Mexican (AAA)","32","54","180","202","52","37","15","0","0","29","22","14","1","26","4","3","1","7","2","1",".289","sa509128"
"Alejandro Flores","Mexican (AAA)","21","58","187","209","54","32","15","2","5","32","33","16","0","65","2","0","4","2","1","3",".289","sa736822"
"Ricky Rodriguez","Mexican (AAA)","24","60","215","243","62","44","10","1","7","35","41","20","2","64","5","3","0","5","2","3",".288","sa977119"
"Oscar Williams","Mexican (AAA)","25","49","118","132","34","29","3","1","1","19","16","10","0","30","1","0","2","3","1","0",".288","sa510244"
"Jose Amador","Mexican (AAA)","37","54","188","220","54","41","8","0","5","29","39","28","1","30","2","2","0","8","1","0",".287","sa509117"
"Hector Hernandez","- - -","34","52","171","193","49","41","8","0","0","20","21","16","1","18","1","2","3","6","1","1",".287","sa509125"
"Rene Reyes","Mexican (AAA)","39","21","70","81","20","14","2","0","4","9","18","8","0","15","1","0","2","1","0","1",".286","1774"
"Jon Del Campo","- - -","29","23","77","88","22","20","2","0","0","13","7","8","2","12","1","2","0","1","3","1",".286","sa328104"
"Eduardo Arredondo","Mexican (AAA)","32","27","98","112","28","24","2","1","1","11","6","9","0","7","0","1","2","2","0","2",".286","sa508008"
"Roberto Valencia","Mexican (AAA)","28","27","42","51","12","7","4","0","1","5","3","5","1","4","2","0","2","1","0","0",".286","sa509655"
"Matt Clark","Mexican (AAA)","30","63","239","276","68","41","14","0","13","40","55","36","6","59","0","1","0","6","0","1",".285","8793"
"Felix Perez","Mexican (AAA)","32","28","102","117","29","20","2","1","6","19","23","9","2","22","4","2","0","3","0","1",".284","sa547904"
"Chris Valencia","Mexican (AAA)","30","48","74","77","21","19","2","0","0","10","8","2","1","11","1","0","0","1","5","1",".284","sa294215"
"Quincy Latimore","Mexican (AAA)","28","17","67","75","19","15","0","0","4","12","11","7","0","16","0","1","0","1","0","2",".284","sa389676"
"Cole Gillespie","- - -","33","51","198","225","56","40","14","0","2","38","29","22","2","41","1","3","1","7","5","2",".283","5888"
"Henry Alejandro Rodriguez","Mexican (AAA)","27","65","269","289","76","57","15","1","3","36","26","13","1","40","4","2","1","6","3","0",".283","7983"
"C.J. Retherford","Mexican (AAA)","31","59","220","250","62","44","10","0","8","33","26","21","1","49","5","4","0","9","2","0",".282","sa393409"
"Jorge Vazquez","Mexican (AAA)","35","34","114","138","32","21","3","0","8","18","24","22","3","29","1","1","0","9","0","0",".281","sa491894"
"Rogelio Noris","Mexican (AAA)","28","43","136","146","38","28","4","1","5","14","19","6","0","25","2","1","1","2","2","2",".279","sa503032"
"Daniel Sanchez","Mexican (AAA)","24","25","68","72","19","15","1","0","3","9","9","3","0","12","0","1","0","3","0","0",".279","sa736483"
"Refugio Cervantes","Mexican (AAA)","38","26","86","97","24","15","5","0","4","7","19","8","0","17","1","1","1","6","0","0",".279","sa185724"
"Engel Beltre","Mexican (AAA)","27","63","251","282","70","55","8","2","5","34","23","18","1","39","7","0","6","5","9","4",".279","4918"
"Luis Juarez","Mexican (AAA)","27","61","251","271","70","40","17","1","12","44","56","14","0","24","3","3","0","9","2","2",".279","sa509384"
"Walter Ibarra","Mexican (AAA)","29","48","183","196","51","40","10","1","0","21","15","10","1","39","0","1","2","6","1","0",".279","sa314143"
"Jose Vargas","Mexican (AAA)","29","48","158","173","44","26","7","1","10","27","28","11","0","49","1","1","2","0","4","6",".278","sa455452"
"Daniel Hinojosa","- - -","32","26","79","93","22","20","2","0","0","16","6","13","0","23","0","0","1","1","1","1",".278","sa509451"
"Deibinson Romero","Mexican (AAA)","30","56","202","236","56","43","8","0","5","25","33","24","1","34","5","5","0","6","1","1",".277","sa328505"
"Moises Gutierrez","Mexican (AAA)","22","37","83","96","23","19","3","0","1","13","15","8","0","19","1","3","1","3","0","0",".277","sa595706"
"Santiago Gonzalez","Mexican (AAA)","33","48","141","152","39","26","12","0","1","19","16","8","0","25","3","0","0","4","1","1",".277","sa509127"
"Alejandro Gonzalez","Mexican (AAA)","31","57","203","233","56","39","9","5","3","28","31","19","2","54","7","3","1","5","3","1",".276","sa509640"
"Carlos Penuelas","- - -","29","43","116","126","32","29","2","1","0","8","13","6","0","12","2","1","1","3","0","1",".276","sa547125"
"Jonathan Salazar","Mexican (AAA)","23","18","29","33","8","7","0","1","0","4","1","3","0","3","0","0","1","0","1","0",".276","sa977561"
"Raymundo Torres","- - -","23","50","149","177","41","30","8","0","3","23","15","25","0","37","0","0","3","6","0","2",".275","sa739643"
"Gabriel Gutierrez","Mexican (AAA)","33","17","40","45","11","7","4","0","0","6","4","4","0","5","0","0","1","2","0","0",".275","sa286640"
"Jose Aguilar","Mexican (AAA)","27","49","179","202","49","33","11","0","5","29","16","12","0","35","4","1","5","4","8","2",".274","sa546354"
"Juan Francisco","Mexican (AAA)","30","6","22","23","6","4","2","0","0","0","3","1","0","7","0","0","0","0","0","0",".273","6978"
"Carlos Eduardo Gonzalez","Mexican (AAA)","32","20","33","42","9","4","3","0","2","6","7","7","0","6","0","1","1","0","0","1",".273","sa509268"
"Victor Santos","Mexican (AAA)","22","34","44","48","12","7","3","0","2","11","2","1","0","12","1","0","2","3","1","1",".273","sa977112"
"Heber Gomez","- - -","39","39","140","156","38","32","6","0","0","22","14","12","0","22","1","0","3","4","1","0",".271","sa203954"
"Ethan Chapman","Mexican (AAA)","27","59","199","224","54","42","7","1","4","35","18","18","3","54","1","4","2","0","15","6",".271","sa658802"
"Maxwell Leon","Mexican (AAA)","33","58","218","246","59","39","15","1","4","36","31","18","2","53","5","3","2","3","4","1",".271","sa326041"
"Luis Flores","Mexican (AAA)","30","20","52","53","14","8","3","0","3","7","4","0","0","8","0","0","1","1","0","0",".269","sa454795"
"Valentin Gamez","Mexican (AAA)","34","27","56","69","15","13","2","0","0","9","6","9","2","8","1","0","3","3","0","0",".268","sa508053"
"Brad Snyder","Mexican (AAA)","35","65","228","262","61","32","17","0","12","35","41","31","1","66","1","2","0","4","0","1",".268","6052"
"Yancarlo Angulo","Mexican (AAA)","30","42","131","154","35","23","10","1","1","19","13","17","0","19","2","1","3","5","0","2",".267","sa329105"
"Jose Guadalupe Chavez","Mexican (AAA)","32","52","176","228","47","36","8","0","3","40","17","46","0","32","4","1","1","5","4","2",".267","sa288775"
"Eduardo Santos","Mexican (AAA)","24","14","30","31","8","8","0","0","0","2","2","0","0","6","0","0","1","3","0","0",".267","sa592344"
"Fernando Flores","Mexican (AAA)","25","60","214","230","57","37","15","1","4","22","35","9","2","37","0","5","2","4","0","2",".266","sa594366"
"Juan Apodaca","Mexican (AAA)","30","49","169","187","45","36","5","1","3","25","27","17","0","33","0","1","0","4","0","0",".266","sa286639"
"Jorge Cantu","Mexican (AAA)","35","57","192","223","51","29","14","1","7","29","32","24","1","52","3","3","1","4","1","0",".266","2521"
"Pedro Ciriaco","Mexican (AAA)","31","33","128","133","34","22","10","0","2","8","15","2","1","23","1","2","0","6","1","1",".266","5278"
"Jose Martinez","Mexican (AAA)","27","58","215","238","57","28","20","3","6","23","27","17","0","53","2","4","0","4","1","1",".265","sa541954"
"Jose Luna","Mexican (AAA)","24","35","72","72","19","15","3","0","1","6","9","0","0","11","0","0","0","1","0","0",".264","sa688550"
"Alex Liddi","Mexican (AAA)","28","64","235","270","62","38","7","1","16","47","53","29","0","64","2","3","1","8","7","1",".264","5411"
"Sergio Contreras","Mexican (AAA)","37","50","171","188","45","39","5","0","1","16","16","12","0","25","2","2","1","3","2","2",".263","sa199023"
"Omar Renteria","Mexican (AAA)","27","25","38","41","10","8","1","0","1","4","3","2","0","10","0","0","1","2","0","0",".263","sa549398"
"Isaac Rodriguez Salazar","Mexican (AAA)","26","40","152","173","40","33","3","1","3","25","15","16","0","16","3","1","1","5","3","2",".263","sa878470"
"Alfredo Marte","Mexican (AAA)","28","44","156","177","41","30","4","1","6","26","25","15","1","33","5","1","0","2","5","1",".263","5212"
"Ricardo Serrano","Mexican (AAA)","31","55","198","212","52","39","9","1","3","20","24","12","0","42","0","1","1","5","1","5",".263","sa508489"
"Dustin Martin","Mexican (AAA)","33","64","225","276","59","36","15","0","8","45","41","46","7","64","2","2","1","13","17","6",".262","sa328277"
"Freddy Guzman","Mexican (AAA)","36","44","164","198","43","36","4","3","0","33","7","31","0","30","0","2","1","3","19","5",".262","2162"
"Oscar Robles","Mexican (AAA)","41","28","84","99","22","21","1","0","0","13","9","14","2","4","0","0","1","10","1","2",".262","8975"
"Sergio Gastelum","Mexican (AAA)","38","33","84","97","22","18","4","0","0","7","9","10","1","12","1","0","2","5","0","0",".262","sa185600"
"Leandro Castro","Mexican (AAA)","28","64","252","271","66","39","14","0","13","34","40","14","2","34","2","3","0","12","6","6",".262","sa455746"
"Carlos Alvarez","Mexican (AAA)","29","46","123","146","32","23","8","1","0","13","14","17","1","25","3","1","2","1","4","2",".260","sa509271"
"Greg Golson","Mexican (AAA)","31","27","100","114","26","22","4","0","0","11","9","12","1","26","2","0","0","2","5","3",".260","8074"
"Rolando Acosta","- - -","34","35","127","141","33","24","7","0","2","10","10","7","0","20","5","1","1","5","0","1",".260","sa291449"
"Francisco Rivera","Mexican (AAA)","28","37","77","91","20","16","4","0","0","8","5","14","1","15","0","0","0","7","0","0",".260","sa452248"
"Jesus Alberto Vega","Mexican (AAA)","35","37","104","121","27","16","7","0","4","14","21","10","0","23","4","1","2","2","0","0",".260","sa199032"
"Edson Garcia","- - -","24","47","166","190","43","29","7","3","4","26","15","11","0","27","5","0","8","2","3","2",".259","sa691751"
"Rodolfo Amador","Mexican (AAA)","24","51","85","88","22","17","3","0","2","9","10","0","0","6","2","1","0","3","0","2",".259","sa652484"
"Jose Manuel Orozco","- - -","26","49","156","174","40","32","4","1","3","22","19","16","2","37","1","0","1","0","4","1",".256","sa505268"
"Ricardo Valenzuela","Mexican (AAA)","26","44","121","138","31","28","2","0","1","15","11","14","0","15","0","1","2","5","0","3",".256","sa550659"
"Israel Nunez","- - -","31","30","82","93","21","15","4","0","2","9","10","6","0","11","0","0","4","0","0","0",".256","sa392885"
"Mario Valenzuela","Mexican (AAA)","40","59","211","248","54","41","7","0","6","26","27","33","1","48","2","2","0","10","0","2",".256","sa206418"
"Daniel Nunez","Mexican (AAA)","35","62","192","231","49","46","1","2","0","25","12","29","0","29","7","1","2","4","3","7",".255","sa509257"
"Luis Alfonso Garcia","Mexican (AAA)","38","16","51","62","13","9","1","0","3","11","9","7","0","10","2","2","0","3","0","0",".255","sa205818"
"Christian Marrero","Mexican (AAA)","30","47","161","193","41","26","7","1","7","20","23","23","2","30","8","1","0","9","0","1",".255","sa326115"
"Carlos Orrantia","Mexican (AAA)","35","18","55","58","14","10","3","0","1","7","4","2","0","11","0","0","1","2","2","2",".255","sa509454"
"Pedro Diaz","Mexican (AAA)","38","26","67","71","17","14","2","0","1","1","12","2","0","11","1","1","0","2","0","1",".254","sa185697"
"Rico Noel","Mexican (AAA)","28","10","48","51","12","8","2","0","2","5","5","3","1","15","0","0","0","1","5","2",".250","10585"
"Ryohei Shimabukuro","Mexican (AAA)","27","3","12","15","3","2","1","0","0","2","5","2","0","2","1","0","0","0","0","0",".250","sa392825"
"Isaias Asencio","Mexican (AAA)","29","4","12","12","3","2","1","0","0","0","0","0","0","5","0","0","0","0","0","0",".250","sa455606"
"Sergio Perez","- - -","27","39","112","121","28","21","6","1","0","19","10","7","0","24","1","0","1","5","2","1",".250","sa508059"
"Jose Bernardo Lopez","Mexican (AAA)","27","24","40","44","10","8","2","0","0","6","6","0","0","9","1","1","2","3","0","1",".250","sa509274"
"Gabriel Gomez Topete","Mexican (AAA)","22","10","12","14","3","3","0","0","0","0","0","2","0","2","0","0","0","0","0","0",".250","sa681596"
"Alan Espinoza","Mexican (AAA)","26","53","189","202","47","34","6","1","6","23","28","8","0","37","3","2","0","2","1","0",".249","sa543678"
"Sergio Garcia","- - -","26","48","161","173","40","24","7","2","7","21","20","3","0","30","2","2","5","3","4","0",".248","sa505255"
"Luis Fonseca","Mexican (AAA)","32","46","153","173","38","28","5","0","5","21","15","11","1","35","3","2","4","5","2","1",".248","sa592342"
"Javier Salazar","Mexican (AAA)","20","63","231","256","57","46","9","2","0","32","17","20","1","38","0","1","4","9","8","2",".247","sa3001898"
"J.C. Linares","- - -","32","41","134","158","33","21","6","0","6","31","14","22","3","18","1","0","1","8","1","1",".246","sa560967"
"Rufino Candelario","Mexican (AAA)","31","25","49","50","12","11","1","0","0","6","3","1","0","8","0","0","0","0","0","0",".245","sa509120"
"Barbaro Canizares","- - -","37","34","119","148","29","24","4","0","1","16","13","25","1","19","2","2","0","3","0","0",".244","6246"
"Jose Heberto Felix","- - -","29","49","140","149","34","30","4","0","0","18","21","6","0","8","0","1","2","5","0","1",".243","sa447630"
"Hector Paez","Mexican (AAA)","39","36","96","104","23","17","3","0","3","8","10","1","0","16","2","1","3","1","0","0",".240","sa508233"
"Enrique Trujillo","Mexican (AAA)","30","27","46","53","11","11","0","0","0","4","3","6","0","10","0","1","0","4","2","1",".239","sa502230"
"Omar Meza","Mexican (AAA)","20","20","46","54","11","9","2","0","0","8","8","6","0","6","1","0","1","5","1","2",".239","sa914755"
"Eliseo Aldazaba","Mexican (AAA)","26","55","189","218","45","25","15","1","4","29","25","20","1","41","5","3","1","2","7","4",".238","sa509444"
"Oscar Lemus","Mexican (AAA)","30","19","42","45","10","5","5","0","0","5","5","3","0","9","0","0","0","3","0","0",".238","sa509465"
"Kristian Delgado","Mexican (AAA)","23","36","105","115","25","17","7","1","0","14","10","5","0","8","1","2","2","1","2","0",".238","sa825026"
"Miguel Rodriguez","Mexican (AAA)","22","42","126","138","30","23","6","0","1","13","9","8","0","19","1","1","2","5","0","1",".238","sa914042"
"Leslie Anderson","Mexican (AAA)","35","21","76","83","18","13","5","0","0","8","4","5","0","11","1","1","0","2","0","0",".237","sa541190"
"Jonathan Jones","Mexican (AAA)","27","38","140","163","33","20","6","1","6","37","23","17","0","30","4","1","1","4","6","3",".236","sa526453"
"Ruben Rivera","Mexican (AAA)","43","43","115","129","27","18","5","0","4","19","20","12","0","30","1","1","0","1","5","2",".235","1550"
"Brandon Macias","Mexican (AAA)","28","57","173","196","40","27","5","0","8","21","31","16","0","47","3","2","2","1","2","2",".231","sa545208"
"Carlos Triunfel","Mexican (AAA)","27","12","52","58","12","12","0","0","0","4","2","4","0","10","2","0","0","1","0","1",".231","193"
"Adan Velazquez","Mexican (AAA)","27","29","74","83","17","15","1","0","1","4","8","6","0","9","0","1","2","4","1","0",".230","sa507254"
"Eduardo Dehesa","Mexican (AAA)","31","21","48","54","11","8","1","0","2","3","11","2","0","17","2","1","1","1","2","0",".229","sa502222"
"Francisco Cordoba","- - -","33","49","144","163","33","28","2","0","3","15","12","10","0","30","2","2","5","1","0","0",".229","sa509741"
"Roberto Valenzuela","Mexican (AAA)","22","33","70","81","16","13","2","1","0","12","7","4","0","6","1","1","5","1","0","0",".229","sa3001901"
"Jonathan Aceves","Mexican (AAA)","39","53","171","192","39","25","7","0","7","20","26","16","1","37","2","1","2","5","1","1",".228","sa206467"
"Ivan Bellazetin","Mexican (AAA)","30","38","84","97","19","16","2","1","0","14","6","7","0","14","1","1","4","5","2","2",".226","sa508654"
"Arturo Rodriguez","Mexican (AAA)","25","22","80","88","18","12","3","1","2","7","9","5","0","14","0","1","2","4","0","0",".225","sa688986"
"Brandon Villarreal","Mexican (AAA)","22","46","80","91","18","14","3","0","1","16","5","6","0","12","1","3","1","0","1","2",".225","sa878425"
"Jorge Sesma","Mexican (AAA)","20","22","18","20","4","4","0","0","0","5","3","1","0","6","1","0","0","1","0","1",".222","sa978500"
"Richy Pedroza","Mexican (AAA)","25","57","163","202","36","29","6","0","1","26","15","28","0","32","4","1","5","3","5","3",".221","sa621648"
"Alejandro Rivero","Mexican (AAA)","28","54","146","165","32","25","6","0","1","13","13","10","0","19","4","2","3","1","5","1",".219","sa592345"
"Luis Medina","Mexican (AAA)","22","35","55","65","12","8","2","1","1","11","5","5","0","12","0","0","5","0","2","0",".218","sa824736"
"Daric Barton","Mexican (AAA)","31","26","69","96","15","9","3","0","3","18","9","25","0","14","0","1","1","0","0","0",".217","5928"
"Leonardo Rodriguez","Mexican (AAA)","36","18","23","27","5","5","0","0","0","2","0","1","0","3","2","0","1","3","0","0",".217","sa508189"
"Angel Chavarin","Mexican (AAA)","26","27","60","64","13","12","1","0","0","2","4","3","0","25","1","0","0","1","0","2",".217","sa547724"
"Ismael Martinez","Mexican (AAA)","24","21","65","76","14","6","4","2","2","7","11","9","4","21","2","0","0","3","0","0",".215","sa660373"
"Adan Munoz","- - -","39","42","143","155","30","23","3","0","4","15","17","9","1","32","3","0","0","3","0","0",".210","sa201393"
"Aldo Flores","Mexican (AAA)","21","16","43","45","9","8","0","0","1","5","2","2","0","14","0","0","0","0","0","0",".209","sa841102"
"Reynaldo Rodriguez","Mexican (AAA)","30","17","63","71","13","12","0","0","1","8","2","8","0","15","0","0","0","0","5","2",".206","sa329131"
"Jesus Valenzuela","- - -","28","26","40","44","8","5","1","1","1","4","3","3","0","9","1","0","0","1","0","0",".200","sa592343"
"Juan Carlos Garcia","Mexican (AAA)","24","11","10","12","2","1","0","0","1","2","4","2","0","2","0","0","0","0","0","0",".200","sa652681"
"Cesar Rodriguez","Mexican (AAA)","22","27","40","44","8","5","3","0","0","5","4","4","0","8","0","0","0","1","1","0",".200","sa655677"
"Joe Munoz","Mexican (AAA)","23","8","15","16","3","2","0","0","1","2","4","1","0","6","0","0","0","0","0","0",".200","sa657976"
"Gilberto Carrera","Mexican (AAA)","22","7","5","5","1","1","0","0","0","4","0","0","0","2","0","0","0","1","0","0",".200","sa728814"
"Amilcar Gomez","Mexican (AAA)","22","32","50","60","10","6","1","1","2","9","7","8","0","12","0","0","2","1","0","0",".200","sa824775"
"Steve Carrillo","Mexican (AAA)","30","11","35","39","7","7","0","0","0","2","2","2","0","8","1","1","0","1","1","1",".200","sa922596"
"Humberto Sosa","Mexican (AAA)","31","46","161","180","32","20","9","0","3","15","30","12","1","31","0","5","2","6","1","0",".199","sa454224"
"Adrian Gutierrez","Mexican (AAA)","26","22","46","50","9","5","3","0","1","4","4","3","0","8","1","0","0","0","0","0",".196","sa659509"
"Yousamot Cota","Mexican (AAA)","23","31","36","43","7","5","2","0","0","6","1","5","0","6","1","1","0","2","0","0",".194","sa869754"
"Kevin Flores","Mexican (AAA)","32","33","98","108","19","15","4","0","0","13","7","3","0","16","4","0","3","5","2","0",".194","sa509435"
"Juan Kirk","Mexican (AAA)","21","14","26","31","5","5","0","0","0","2","2","2","0","5","2","0","1","1","0","0",".192","sa104999"
"Mario Ivan Santana","Mexican (AAA)","41","16","26","30","5","3","2","0","0","2","3","1","0","5","1","0","2","2","0","1",".192","sa187685"
"Arel Campoy","Mexican (AAA)","21","27","47","61","9","4","4","0","1","9","7","6","0","12","4","1","3","0","0","0",".191","sa3001896"
"Isidro Pina","Mexican (AAA)","28","44","98","111","18","16","2","0","0","9","6","10","0","24","1","0","2","8","0","0",".184","sa509466"
"Francisco Ferreiro","Mexican (AAA)","23","28","44","46","8","5","3","0","0","2","1","1","0","10","0","0","1","3","1","0",".182","sa824822"
"Eugenio Velez","Mexican (AAA)","35","16","62","68","11","7","2","0","2","8","11","4","0","5","0","2","0","3","2","1",".177","3893"
"Roman Pena","- - -","30","26","51","58","9","5","3","0","1","6","9","6","0","23","0","1","0","1","0","0",".176","sa294705"
"Sammy Ayala","Mexican (AAA)","22","9","17","18","3","3","0","0","0","0","2","1","0","7","0","0","0","1","0","0",".176","sa658324"
"Olmo Rosario","Mexican (AAA)","36","13","46","51","8","6","2","0","0","3","2","5","0","7","0","0","0","4","1","1",".174","sa202325"
"Jesus Loya","Mexican (AAA)","25","38","69","73","12","10","1","0","1","10","5","3","0","23","0","0","1","1","1","1",".174","sa548065"
"Robi Estrada","Mexican (AAA)","28","24","29","33","5","4","0","0","1","6","4","2","0","8","0","1","1","1","2","0",".172","sa328059"
"Orlando Pina","Mexican (AAA)","19","17","35","41","6","5","1","0","0","3","4","3","0","12","1","2","0","2","0","0",".171","sa916410"
"Carlos Morales","Mexican (AAA)","33","33","82","84","14","11","2","0","1","4","6","1","0","19","1","0","0","7","0","0",".171","sa508256"
"Mario Vega","Mexican (AAA)","25","31","47","52","8","6","2","0","0","5","2","2","0","11","1","1","1","0","1","0",".170","sa546156"
"Jason Pridie","Mexican (AAA)","33","2","6","8","1","1","0","0","0","0","3","2","0","1","0","0","0","0","0","0",".167","4611"
"Jerome Pena","- - -","28","34","90","109","15","6","4","0","5","18","15","18","0","48","0","0","1","0","1","1",".167","sa503393"
"Juan Rodriguez","Mexican (AAA)","20","19","36","43","6","4","2","0","0","2","1","7","0","7","0","0","0","1","0","0",".167","sa828185"
"Roman Sesteaga","- - -","20","12","18","20","3","3","0","0","0","2","0","2","0","7","0","0","0","0","1","1",".167","sa977113"
"Josh Vargas","Mexican (AAA)","24","29","30","32","5","3","2","0","0","9","4","1","0","13","0","1","0","1","2","0",".167","sa977117"
"Alan Lopez","Mexican (AAA)","21","10","6","6","1","1","0","0","0","1","0","0","0","3","0","0","0","0","0","1",".167","sa977921"
"Miguel Olivo","Mexican (AAA)","38","20","69","72","11","8","1","1","1","5","6","2","0","24","0","1","0","5","1","0",".159","1638"
"Iker Franco","Mexican (AAA)","36","17","51","56","8","7","0","0","1","2","3","4","0","12","0","1","0","2","0","0",".157","sa203900"
"Carlos Ramirez","Mexican (AAA)","29","9","13","14","2","2","0","0","0","0","1","1","0","6","0","0","0","0","0","0",".154","sa501605"
"Joshua Banuelos","Mexican (AAA)","25","7","13","16","2","1","0","1","0","1","1","1","0","3","2","0","0","0","0","0",".154","sa829579"
"Francisco Salas","Mexican (AAA)","24","11","22","29","3","3","0","0","0","1","1","3","0","3","3","0","1","1","0","0",".136","sa978501"
"Marco Jaime","Mexican (AAA)","20","32","30","33","4","2","0","2","0","9","4","3","0","8","0","0","0","1","0","0",".133","sa3001900"
"Fernando Alejos","Mexican (AAA)","38","13","24","26","3","1","2","0","0","2","0","2","0","9","0","0","0","0","0","0",".125","sa508110"
"Andres Vizcarra","Mexican (AAA)","20","9","8","8","1","1","0","0","0","0","0","0","0","3","0","0","0","0","0","0",".125","sa929989"
"Fernando Inzunza","Mexican (AAA)","18","10","17","18","2","2","0","0","0","2","0","0","0","3","1","0","0","1","0","0",".118","sa968696"
"Nyjer Morgan","Mexican (AAA)","36","3","9","13","1","1","0","0","0","4","0","2","0","1","2","0","0","0","0","0",".111","4885"
"Alvaro Gonzalez","Mexican (AAA)","23","5","9","9","1","1","0","0","0","0","1","0","0","2","0","0","0","0","0","0",".111","sa977663"
"Pedro Chavarria","Mexican (AAA)","23","11","9","11","1","1","0","0","0","1","2","2","0","4","0","0","0","0","0","0",".111","sa977664"
"Francisco Hernandez","Mexican (AAA)","22","29","20","21","2","0","2","0","0","4","2","0","0","9","0","0","1","0","0","0",".100","sa977120"
"Abraham Lopez","Mexican (AAA)","21","11","10","11","1","1","0","0","0","2","1","1","0","4","0","0","0","0","0","0",".100","sa977922"
"Francisco Esparragoza","Mexican (AAA)","34","21","31","40","3","2","1","0","0","4","2","7","0","7","0","1","1","0","0","0",".097","sa508061"
"Jonathan Herrera","Mexican (AAA)","32","8","22","30","2","2","0","0","0","1","2","3","0","8","0","0","5","0","0","0",".091","4182"
"Kyle Blanks","Mexican (AAA)","30","3","13","13","1","0","0","0","1","1","2","0","0","5","0","0","0","0","0","0",".077","49"
"Adrian Nicoli","Mexican (AAA)","20","9","13","14","1","1","0","0","0","0","0","0","0","1","1","0","0","1","2","1",".077","sa3001902"
"Albert Canedo","Mexican (AAA)","21","16","15","16","1","1","0","0","0","1","0","1","0","4","0","0","0","2","0","0",".067","sa3001903"
"Miguel Guzman","Mexican (AAA)","21","18","15","17","1","1","0","0","0","3","0","0","0","1","0","0","2","0","1","1",".067","sa728944"
"Cesar Del Angel","- - -","26","13","16","18","1","1","0","0","0","1","0","0","0","4","0","0","2","1","0","0",".063","sa624680"
"Omar Quintanilla","Mexican (AAA)","35","2","1","2","0","0","0","0","0","1","0","1","0","0","0","0","0","0","0","0",".000","6335"
"Armando Lomeli","Mexican (AAA)","24","2","2","2","0","0","0","0","0","0","0","0","0","2","0","0","0","0","0","0",".000","sa104986"
"Gaudencio Aguirre","Mexican (AAA)","44","1","0","0","0","0","0","0","0","0","0","0","0","0","0","0","0","0","0","0",".000","sa185590"
"Ruben Ybarra","Mexican (AAA)","23","2","2","2","0","0","0","0","0","0","0","0","0","2","0","0","0","0","0","0",".000","sa3001897"
"Ciro Norzagaray","Mexican (AAA)","22","7","7","8","0","0","0","0","0","1","0","1","0","2","0","0","0","0","0","0",".000","sa3002597"
"Jose Cobos","Mexican (AAA)","36","1","0","0","0","0","0","0","0","0","0","0","0","0","0","0","0","0","0","0",".000","sa508500"
"Miguel Torres","Mexican (AAA)","29","1","1","1","0","0","0","0","0","0","0","0","0","0","0","0","0","0","0","0",".000","sa509440"
"Genaro Andrade","Mexican (AAA)","32","3","5","6","0","0","0","0","0","0","0","0","0","3","1","0","0","0","0","0",".000","sa544823"
"Eduardo Mendivil","Mexican (AAA)","25","5","4","4","0","0","0","0","0","0","0","0","0","2","0","0","0","0","0","0",".000","sa658698"
"Abraham Gonzalez","Mexican (AAA)","21","2","2","2","0","0","0","0","0","0","0","0","0","0","0","0","0","0","0","0",".000","sa740815"
"Gerardo Garcia","Mexican (AAA)","21","4","0","0","0","0","0","0","0","1","0","0","0","0","0","0","0","0","0","0",".000","sa919817"
"Jordan Aboites","Mexican (AAA)","22","1","0","0","0","0","0","0","0","1","0","0","0","0","0","0","0","0","0","0",".000","sa977122"
"Nestor Linares","Mexican (AAA)","22","1","1","1","0","0","0","0","0","0","0","0","0","0","0","0","0","0","0","0",".000","sa977920"
"Gibran Guerra","Mexican (AAA)","18","5","7","7","0","0","0","0","0","0","0","0","0","4","0","0","0","0","0","0",".000","sa978221"
"Pedro Arenas","Mexican (AAA)","19","7","10","13","0","0","0","0","0","0","0","1","0","1","1","0","1","0","0","0",".000","sa978222"
