Date,Team,Opp,GS,W,L,ERA,G,GS,CG,ShO,SV,HLD,BS,IP,TBF,H,R,ER,HR,BB,IBB,HBP,WP,BK,SO,GSv2
<a href=wins.aspx?date=2050-01-01&team=total&dh=0>2050-01-01</a>,- - -,- - -,260,91,82,4.33,264,260,4,2,0,0,0,1481.1,6482,1430,773,712,151,691,25,72,73,6,1275,49
<a href=wins.aspx?date=2017-06-03&team=Marlins&dh=0>2017-06-03</a>,MIA,ARI,1,1,0,0.00,1,1,1,1,0,0,0,9.0,27,0,0,0,0,2,0,0,0,0,10,100
<a href=wins.aspx?date=2017-05-29&team=Marlins&dh=0>2017-05-29</a>,MIA,PHI,1,1,0,1.50,1,1,0,0,0,0,0,6.0,22,3,1,1,0,2,0,0,0,0,4,67
<a href=wins.aspx?date=2017-05-24&team=Marlins&dh=0>2017-05-24</a>,MIA,@OAK,1,0,1,4.50,1,1,0,0,0,0,0,6.0,25,7,3,3,1,2,0,0,1,0,2,45
<a href=wins.aspx?date=2017-05-18&team=Marlins&dh=0>2017-05-18</a>,MIA,@LAD,1,0,1,7.50,1,1,0,0,0,0,0,6.0,27,8,5,5,1,3,1,1,0,0,4,37
<a href=wins.aspx?date=2017-05-13&team=Marlins&dh=0>2017-05-13</a>,MIA,ATL,1,0,1,3.00,1,1,0,0,0,0,0,6.0,24,4,2,2,0,2,0,1,1,0,5,63
<a href=wins.aspx?date=2017-05-02&team=Marlins&dh=0>2017-05-02</a>,MIA,TBR,1,0,1,6.23,1,1,0,0,0,0,0,4.1,23,3,3,3,1,8,0,0,0,0,9,38
<a href=wins.aspx?date=2017-04-27&team=Marlins&dh=0>2017-04-27</a>,MIA,@PHI,1,0,1,3.18,1,1,0,0,0,0,0,5.2,25,6,3,2,0,4,0,0,0,0,2,47
<a href=wins.aspx?date=2017-04-19&team=Marlins&dh=0>2017-04-19</a>,MIA,@SEA,1,0,1,12.00,1,1,0,0,0,0,0,3.0,16,5,4,4,0,4,0,0,1,0,3,31
<a href=wins.aspx?date=2017-04-14&team=Marlins&dh=0>2017-04-14</a>,MIA,NYM,1,0,0,3.86,1,1,0,0,0,0,0,4.2,23,5,2,2,1,4,0,0,0,0,5,43
<a href=wins.aspx?date=2017-04-09&team=Marlins&dh=0>2017-04-09</a>,MIA,@NYM,1,0,1,6.00,1,1,0,0,0,0,0,6.0,27,7,5,4,2,1,0,0,0,0,7,40
<a href=wins.aspx?date=2017-04-03&team=Marlins&dh=0>2017-04-03</a>,MIA,@WSN,1,0,0,0.00,1,1,0,0,0,0,0,5.0,19,4,0,0,0,1,0,0,0,0,6,66
<a href=wins.aspx?date=2016-10-01&team=Royals&dh=0>2016-10-01</a>,KCR,CLE,1,0,0,5.40,1,1,0,0,0,0,0,5.0,25,5,3,3,0,4,0,1,1,0,5,48
<a href=wins.aspx?date=2016-09-25&team=Royals&dh=0>2016-09-25</a>,KCR,@DET,1,0,0,13.50,1,1,0,0,0,0,0,2.2,17,6,4,4,1,4,0,0,1,0,1,19
<a href=wins.aspx?date=2016-09-20&team=Royals&dh=0>2016-09-20</a>,KCR,@CLE,1,0,0,1.35,1,1,0,0,0,0,0,6.2,27,4,1,1,1,3,0,0,0,0,5,62
<a href=wins.aspx?date=2016-09-15&team=Royals&dh=0>2016-09-15</a>,KCR,OAK,1,0,1,21.60,1,1,0,0,0,0,0,3.1,22,7,9,8,1,4,0,0,0,0,3,8
<a href=wins.aspx?date=2016-09-10&team=Royals&dh=0>2016-09-10</a>,KCR,@CHW,1,0,0,7.20,1,1,0,0,0,0,0,5.0,24,9,4,4,0,2,0,0,0,0,1,37
<a href=wins.aspx?date=2016-09-04&team=Royals&dh=0>2016-09-04</a>,KCR,DET,1,0,0,5.40,1,1,0,0,0,0,0,6.2,27,7,4,4,1,1,0,0,0,0,5,51
<a href=wins.aspx?date=2016-08-30&team=Royals&dh=0>2016-08-30</a>,KCR,NYY,1,0,0,10.80,1,1,0,0,0,0,0,3.1,21,9,4,4,1,2,0,0,0,0,5,25
<a href=wins.aspx?date=2016-08-25&team=Royals&dh=0>2016-08-25</a>,KCR,@MIA,1,1,0,0.00,1,1,0,0,0,0,0,5.0,22,3,2,0,0,1,0,1,0,0,2,58
<a href=wins.aspx?date=2016-08-19&team=Royals&dh=0>2016-08-19</a>,KCR,MIN,1,0,0,8.31,1,1,0,0,0,0,0,4.1,20,6,4,4,1,1,0,0,0,0,5,39
<a href=wins.aspx?date=2016-08-14&team=Royals&dh=0>2016-08-14</a>,KCR,@MIN,1,1,0,3.00,1,1,0,0,0,0,0,6.0,25,5,4,2,1,1,0,0,0,0,3,49
<a href=wins.aspx?date=2016-08-09&team=Royals&dh=0>2016-08-09</a>,KCR,CHW,1,0,0,6.00,1,1,0,0,0,0,0,6.0,28,10,4,4,0,1,0,0,0,0,2,44
<a href=wins.aspx?date=2016-08-03&team=Royals&dh=0>2016-08-03</a>,KCR,@TBR,1,0,1,12.60,1,1,0,0,0,0,0,5.0,28,11,8,7,2,3,0,0,0,1,3,9
<a href=wins.aspx?date=2016-07-29&team=Royals&dh=0>2016-07-29</a>,KCR,@TEX,1,0,1,7.50,1,1,0,0,0,0,0,6.0,29,9,6,5,2,2,0,1,0,0,5,29
<a href=wins.aspx?date=2016-07-24&team=Royals&dh=0>2016-07-24</a>,KCR,TEX,1,0,0,1.50,1,1,0,0,0,0,0,6.0,26,7,1,1,0,3,0,0,0,0,3,56
<a href=wins.aspx?date=2016-07-18&team=Royals&dh=0>2016-07-18</a>,KCR,CLE,1,0,0,2.57,1,1,0,0,0,0,0,7.0,27,4,2,2,1,3,0,0,0,0,6,62
<a href=wins.aspx?date=2016-07-09&team=Royals&dh=0>2016-07-09</a>,KCR,SEA,1,1,0,4.50,1,1,0,0,0,0,0,6.0,24,6,3,3,1,1,0,0,0,0,3,50
<a href=wins.aspx?date=2016-07-04&team=Royals&dh=0>2016-07-04</a>,KCR,@TOR,1,0,1,6.00,1,1,0,0,0,0,0,6.0,25,4,4,4,0,3,0,1,0,0,5,55
<a href=wins.aspx?date=2016-06-29&team=Royals&dh=0>2016-06-29</a>,KCR,@STL,1,0,0,0.00,1,1,0,0,0,0,0,6.2,27,6,0,0,0,1,0,0,0,0,4,70
<a href=wins.aspx?date=2016-06-24&team=Royals&dh=0>2016-06-24</a>,KCR,HOU,1,0,1,99.00,1,1,0,0,0,0,0,1.0,15,8,12,11,1,3,0,0,0,0,0,-18
<a href=wins.aspx?date=2016-06-18&team=Royals&dh=0>2016-06-18</a>,KCR,DET,1,1,0,7.11,1,1,0,0,0,0,0,6.1,27,8,5,5,1,0,0,1,0,0,6,47
<a href=wins.aspx?date=2016-06-13&team=Royals&dh=0>2016-06-13</a>,KCR,CLE,1,1,0,0.00,1,1,0,0,0,0,0,7.0,28,2,0,0,0,4,0,1,0,0,3,73
<a href=wins.aspx?date=2016-06-08&team=Royals&dh=0>2016-06-08</a>,KCR,@BAL,1,0,1,7.71,1,1,0,0,0,0,0,4.2,20,4,4,4,0,2,0,0,0,0,5,49
<a href=wins.aspx?date=2016-06-03&team=Royals&dh=0>2016-06-03</a>,KCR,@CLE,1,0,1,7.11,1,1,0,0,0,0,0,6.1,29,7,5,5,2,4,0,0,2,0,5,34
<a href=wins.aspx?date=2016-05-29&team=Royals&dh=0>2016-05-29</a>,KCR,CHW,1,0,0,4.50,1,1,0,0,0,0,0,6.0,24,7,3,3,0,1,0,0,0,0,5,56
<a href=wins.aspx?date=2016-05-24&team=Royals&dh=0>2016-05-24</a>,KCR,@MIN,1,1,0,2.70,1,1,0,0,0,0,0,6.2,29,6,4,2,0,3,0,1,0,0,6,56
<a href=wins.aspx?date=2016-05-18&team=Royals&dh=2>2016-05-18</a>,KCR,BOS,1,0,1,6.00,1,1,0,0,0,0,0,6.0,27,7,4,4,2,4,1,0,0,0,5,35
<a href=wins.aspx?date=2016-05-13&team=Royals&dh=0>2016-05-13</a>,KCR,ATL,1,1,0,1.29,1,1,0,0,0,0,0,7.0,28,6,1,1,0,0,0,0,0,0,2,69
<a href=wins.aspx?date=2016-05-08&team=Royals&dh=0>2016-05-08</a>,KCR,@CLE,1,0,1,10.38,1,1,0,0,0,0,0,4.1,25,7,5,5,2,4,0,0,0,0,4,21
<a href=wins.aspx?date=2016-05-02&team=Royals&dh=0>2016-05-02</a>,KCR,WSN,1,0,1,2.35,1,1,0,0,0,0,0,7.2,29,7,2,2,0,1,0,0,0,0,7,71
<a href=wins.aspx?date=2016-04-26&team=Royals&dh=0>2016-04-26</a>,KCR,@LAA,1,0,1,14.40,1,1,0,0,0,0,0,5.0,29,12,8,8,1,2,0,0,0,0,3,15
<a href=wins.aspx?date=2016-04-21&team=Royals&dh=0>2016-04-21</a>,KCR,DET,1,1,0,0.00,1,1,0,0,0,0,0,7.0,27,5,0,0,0,1,0,0,0,0,5,75
<a href=wins.aspx?date=2016-04-15&team=Royals&dh=0>2016-04-15</a>,KCR,@OAK,1,1,0,1.50,1,1,0,0,0,0,0,6.0,25,3,2,1,1,4,0,0,1,0,2,52
<a href=wins.aspx?date=2016-04-10&team=Royals&dh=0>2016-04-10</a>,KCR,MIN,1,0,0,3.18,1,1,0,0,0,0,0,5.2,25,8,2,2,0,0,0,0,0,0,10,62
<a href=wins.aspx?date=2016-04-03&team=Royals&dh=0>2016-04-03</a>,KCR,NYM,1,1,0,0.00,1,1,0,0,0,0,0,6.0,22,2,0,0,0,3,0,0,0,0,5,71
<a href=wins.aspx?date=2015-10-04&team=Royals&dh=0>2015-10-04</a>,KCR,@MIN,0,0,0,0.00,1,0,0,0,0,0,0,2.0,8,0,0,0,0,2,0,0,0,0,3,
<a href=wins.aspx?date=2015-09-30&team=Royals&dh=0>2015-09-30</a>,KCR,@CHW,1,0,0,1.50,1,1,0,0,0,0,0,6.0,28,9,1,1,0,1,0,0,0,0,5,56
<a href=wins.aspx?date=2015-09-25&team=Royals&dh=0>2015-09-25</a>,KCR,CLE,1,0,1,4.50,1,1,0,0,0,0,0,6.0,24,4,3,3,2,2,0,0,0,0,7,48
<a href=wins.aspx?date=2015-09-19&team=Royals&dh=0>2015-09-19</a>,KCR,@DET,1,0,0,4.50,1,1,0,0,0,0,0,6.0,28,7,3,3,0,4,0,0,0,0,6,49
<a href=wins.aspx?date=2015-09-14&team=Royals&dh=0>2015-09-14</a>,KCR,@CLE,1,0,1,7.20,1,1,0,0,0,0,0,5.0,25,7,4,4,2,3,0,0,0,0,4,28
<a href=wins.aspx?date=2015-09-08&team=Royals&dh=0>2015-09-08</a>,KCR,MIN,1,1,0,2.57,1,1,0,0,0,0,0,7.0,26,6,2,2,0,0,0,1,0,0,3,65
<a href=wins.aspx?date=2015-09-03&team=Royals&dh=0>2015-09-03</a>,KCR,DET,1,0,0,18.00,1,1,0,0,0,0,0,3.0,18,8,6,6,1,1,0,0,0,0,3,17
<a href=wins.aspx?date=2015-08-28&team=Royals&dh=0>2015-08-28</a>,KCR,@TBR,1,1,0,1.35,1,1,0,0,0,0,0,6.2,27,6,2,1,0,2,0,0,0,0,5,61
<a href=wins.aspx?date=2015-08-23&team=Royals&dh=0>2015-08-23</a>,KCR,@BOS,1,0,0,6.75,1,1,0,0,0,0,0,6.2,28,9,6,5,0,0,0,1,0,0,5,47
<a href=wins.aspx?date=2015-08-18&team=Royals&dh=0>2015-08-18</a>,KCR,@CIN,1,0,0,1.50,1,1,0,0,0,0,0,6.0,24,4,1,1,1,3,1,0,0,0,7,58
<a href=wins.aspx?date=2015-08-12&team=Royals&dh=0>2015-08-12</a>,KCR,DET,1,0,1,6.43,1,1,0,0,0,0,0,7.0,30,8,6,5,0,2,0,0,0,0,5,47
<a href=wins.aspx?date=2015-08-07&team=Royals&dh=0>2015-08-07</a>,KCR,CHW,1,1,0,1.29,1,1,0,0,0,0,0,7.0,26,4,1,1,0,2,0,0,0,0,3,68
<a href=wins.aspx?date=2015-08-02&team=Royals&dh=0>2015-08-02</a>,KCR,@TOR,1,0,1,3.00,1,1,0,0,0,0,0,6.0,25,4,2,2,1,3,0,1,0,0,4,52
<a href=wins.aspx?date=2015-07-27&team=Royals&dh=0>2015-07-27</a>,KCR,@CLE,1,1,0,4.50,1,1,0,0,0,0,0,6.0,28,6,3,3,1,5,0,0,0,0,4,41
<a href=wins.aspx?date=2015-07-22&team=Royals&dh=0>2015-07-22</a>,KCR,PIT,1,1,0,1.17,1,1,0,0,0,0,0,7.2,31,8,1,1,0,1,0,0,0,0,8,71
<a href=wins.aspx?date=2015-07-17&team=Royals&dh=2>2015-07-17</a>,KCR,@CHW,1,0,1,2.84,1,1,0,0,0,0,0,6.1,27,8,2,2,0,2,0,0,1,0,3,53
<a href=wins.aspx?date=2015-07-12&team=Royals&dh=0>2015-07-12</a>,KCR,TOR,1,0,0,1.69,1,1,0,0,0,0,0,5.1,23,5,4,1,0,3,0,0,0,0,2,44
<a href=wins.aspx?date=2015-07-07&team=Royals&dh=2>2015-07-07</a>,KCR,TBR,1,0,0,1.80,1,1,0,0,0,0,0,5.0,23,5,1,1,1,3,0,0,0,0,5,48
<a href=wins.aspx?date=2015-07-01&team=Royals&dh=0>2015-07-01</a>,KCR,@HOU,1,0,0,9.00,1,1,0,0,0,0,0,5.0,24,8,5,5,2,1,0,1,0,0,8,31
<a href=wins.aspx?date=2015-06-26&team=Royals&dh=0>2015-06-26</a>,KCR,@OAK,1,1,0,1.29,1,1,0,0,0,0,0,7.0,25,3,1,1,0,1,0,0,0,0,3,72
<a href=wins.aspx?date=2015-06-20&team=Royals&dh=0>2015-06-20</a>,KCR,BOS,1,1,0,6.75,1,1,0,0,0,0,0,5.1,26,8,4,4,1,2,0,0,0,0,0,32
<a href=wins.aspx?date=2015-06-15&team=Royals&dh=0>2015-06-15</a>,KCR,@MIL,1,1,0,3.60,1,1,0,0,0,0,0,5.0,22,6,2,2,0,2,0,1,0,0,2,48
<a href=wins.aspx?date=2015-06-10&team=Royals&dh=0>2015-06-10</a>,KCR,@MIN,1,1,0,1.29,1,1,0,0,0,0,0,7.0,29,6,1,1,0,3,0,0,0,0,6,65
<a href=wins.aspx?date=2015-06-05&team=Royals&dh=0>2015-06-05</a>,KCR,TEX,1,0,1,6.75,1,1,0,0,0,0,0,5.1,26,6,4,4,1,3,0,0,0,0,6,40
<a href=wins.aspx?date=2015-05-29&team=Royals&dh=0>2015-05-29</a>,KCR,@CHC,1,0,0,4.76,1,1,0,0,0,0,0,5.2,24,6,3,3,1,1,0,0,0,0,9,52
<a href=wins.aspx?date=2015-05-23&team=Royals&dh=0>2015-05-23</a>,KCR,STL,1,1,0,3.00,1,1,1,0,0,0,0,6.0,25,4,2,2,0,3,0,1,0,0,1,55
<a href=wins.aspx?date=2015-05-17&team=Royals&dh=0>2015-05-17</a>,KCR,NYY,1,1,0,0.00,1,1,0,0,0,0,0,7.0,25,3,0,0,0,0,0,1,0,0,5,79
<a href=wins.aspx?date=2015-05-12&team=Royals&dh=0>2015-05-12</a>,KCR,@TEX,1,0,0,7.20,1,1,0,0,0,0,0,5.0,23,6,4,4,1,3,0,0,0,0,3,35
<a href=wins.aspx?date=2015-05-07&team=Royals&dh=0>2015-05-07</a>,KCR,CLE,1,0,0,9.00,1,1,0,0,0,0,0,3.0,17,2,3,3,0,6,0,0,0,0,3,34
<a href=wins.aspx?date=2015-05-02&team=Royals&dh=0>2015-05-02</a>,KCR,DET,1,0,1,3.00,1,1,0,0,0,0,0,6.0,26,5,2,2,0,3,0,0,1,0,4,56
<a href=wins.aspx?date=2015-04-26&team=Royals&dh=0>2015-04-26</a>,KCR,@CHW,1,0,1,1.59,1,1,0,0,0,0,0,5.2,25,5,5,1,0,2,0,0,1,0,6,49
<a href=wins.aspx?date=2015-04-20&team=Royals&dh=0>2015-04-20</a>,KCR,MIN,1,1,0,1.29,1,1,0,0,0,0,0,7.0,26,5,1,1,0,1,0,0,0,0,5,70
<a href=wins.aspx?date=2015-04-15&team=Royals&dh=0>2015-04-15</a>,KCR,@MIN,1,0,1,3.52,1,1,0,0,0,0,0,7.2,29,5,3,3,1,1,0,0,0,0,7,64
<a href=wins.aspx?date=2015-04-09&team=Royals&dh=0>2015-04-09</a>,KCR,CHW,1,1,0,1.13,1,1,0,0,0,0,0,8.0,29,4,1,1,0,1,0,1,0,0,5,78
<a href=wins.aspx?date=2014-09-25&team=Pirates&dh=0>2014-09-25</a>,PIT,@ATL,1,1,0,0.00,1,1,0,0,0,0,0,7.0,26,4,0,0,0,1,0,0,0,0,10,78
<a href=wins.aspx?date=2014-09-20&team=Pirates&dh=0>2014-09-20</a>,PIT,MIL,1,0,0,0.00,1,1,0,0,0,0,0,7.0,27,3,0,0,0,3,0,0,0,0,6,72
<a href=wins.aspx?date=2014-09-14&team=Pirates&dh=0>2014-09-14</a>,PIT,CHC,1,1,0,1.29,1,1,0,0,0,0,0,7.0,27,4,3,1,0,5,0,0,0,0,5,56
<a href=wins.aspx?date=2014-09-09&team=Pirates&dh=0>2014-09-09</a>,PIT,@PHI,1,0,0,4.50,1,1,0,0,0,0,0,6.0,25,6,3,3,1,2,0,1,0,0,5,46
<a href=wins.aspx?date=2014-09-03&team=Pirates&dh=0>2014-09-03</a>,PIT,@STL,1,0,0,0.00,1,1,0,0,0,0,0,6.1,26,3,0,0,0,2,0,2,0,0,5,69
<a href=wins.aspx?date=2014-08-29&team=Pirates&dh=0>2014-08-29</a>,PIT,CIN,1,0,0,1.17,1,1,0,0,0,0,0,7.2,30,3,1,1,0,3,0,2,0,0,6,73
<a href=wins.aspx?date=2014-08-23&team=Pirates&dh=0>2014-08-23</a>,PIT,@MIL,1,1,0,3.18,1,1,0,0,0,0,0,5.2,30,11,2,2,1,2,0,1,0,0,3,35
<a href=wins.aspx?date=2014-08-17&team=Pirates&dh=0>2014-08-17</a>,PIT,@WSN,1,0,0,1.42,1,1,0,0,0,0,0,6.1,28,6,4,1,0,2,0,1,2,0,5,51
<a href=wins.aspx?date=2014-08-12&team=Pirates&dh=0>2014-08-12</a>,PIT,DET,1,1,0,3.00,1,1,0,0,0,0,0,6.0,26,5,2,2,1,2,0,0,0,0,5,51
<a href=wins.aspx?date=2014-08-07&team=Pirates&dh=0>2014-08-07</a>,PIT,MIA,1,1,0,0.00,1,1,0,0,0,0,0,7.0,23,1,0,0,0,3,0,0,0,0,7,77
<a href=wins.aspx?date=2014-08-01&team=Pirates&dh=0>2014-08-01</a>,PIT,@ARI,1,0,0,4.76,1,1,0,0,0,0,0,5.2,26,7,4,3,1,2,0,1,1,0,5,39
<a href=wins.aspx?date=2014-07-27&team=Pirates&dh=0>2014-07-27</a>,PIT,@COL,1,0,0,4.15,1,1,0,0,0,0,0,4.1,24,6,4,2,1,4,1,0,2,0,2,26
<a href=wins.aspx?date=2014-07-21&team=Pirates&dh=0>2014-07-21</a>,PIT,LAD,1,0,1,7.94,1,1,0,0,0,0,0,5.2,30,10,5,5,0,3,1,1,1,0,3,32
<a href=wins.aspx?date=2014-07-10&team=Pirates&dh=0>2014-07-10</a>,PIT,@STL,1,1,0,1.00,1,1,1,0,0,0,0,9.0,32,6,1,1,0,2,0,1,0,0,5,76
<a href=wins.aspx?date=2014-07-05&team=Pirates&dh=0>2014-07-05</a>,PIT,PHI,1,1,0,1.29,1,1,0,0,0,0,0,7.0,28,4,1,1,1,4,0,0,0,0,5,58
<a href=wins.aspx?date=2014-06-29&team=Pirates&dh=0>2014-06-29</a>,PIT,NYM,1,1,0,0.00,1,1,0,0,0,0,0,6.0,26,8,0,0,0,1,1,0,0,0,7,61
<a href=wins.aspx?date=2014-06-23&team=Pirates&dh=0>2014-06-23</a>,PIT,@TBR,1,1,0,1.13,1,1,0,0,0,0,0,8.0,28,5,1,1,0,2,0,0,0,0,1,68
<a href=wins.aspx?date=2014-06-18&team=Pirates&dh=0>2014-06-18</a>,PIT,CIN,1,0,1,30.86,1,1,0,0,0,0,0,2.1,17,6,8,8,0,3,0,1,2,0,2,10
<a href=wins.aspx?date=2014-06-12&team=Pirates&dh=0>2014-06-12</a>,PIT,CHC,1,1,0,0.00,1,1,0,0,0,0,0,7.0,29,7,0,0,0,2,0,0,0,0,5,65
<a href=wins.aspx?date=2014-06-07&team=Pirates&dh=0>2014-06-07</a>,PIT,MIL,1,0,1,4.50,1,1,0,0,0,0,0,6.0,27,4,4,3,0,2,2,1,1,0,4,52
<a href=wins.aspx?date=2014-06-01&team=Pirates&dh=0>2014-06-01</a>,PIT,@LAD,1,1,0,3.60,1,1,0,0,0,0,0,5.0,21,5,2,2,1,1,0,0,0,0,6,48
<a href=wins.aspx?date=2014-05-27&team=Pirates&dh=0>2014-05-27</a>,PIT,@NYM,1,0,0,3.60,1,1,0,0,0,0,0,5.0,25,4,2,2,0,5,0,0,2,0,6,48
<a href=wins.aspx?date=2014-05-22&team=Pirates&dh=0>2014-05-22</a>,PIT,WSN,1,1,0,1.50,1,1,0,0,0,0,0,6.0,24,3,1,1,1,2,0,0,0,0,4,57
<a href=wins.aspx?date=2014-05-17&team=Pirates&dh=0>2014-05-17</a>,PIT,@NYY,1,0,1,7.11,1,1,0,0,0,0,0,6.1,24,6,5,5,4,0,0,0,0,0,3,26
<a href=wins.aspx?date=2014-05-10&team=Pirates&dh=0>2014-05-10</a>,PIT,STL,1,0,0,5.79,1,1,0,0,0,0,0,4.2,22,4,3,3,0,4,0,1,2,0,4,43
<a href=wins.aspx?date=2014-05-04&team=Pirates&dh=0>2014-05-04</a>,PIT,TOR,1,0,1,10.80,1,1,0,0,0,0,0,5.0,24,7,6,6,2,3,0,0,0,0,3,19
<a href=wins.aspx?date=2014-04-27&team=Pirates&dh=0>2014-04-27</a>,PIT,@STL,1,0,1,9.53,1,1,0,0,0,0,0,5.2,25,7,6,6,2,1,0,0,0,0,2,26
<a href=wins.aspx?date=2014-04-22&team=Pirates&dh=0>2014-04-22</a>,PIT,CIN,1,0,1,2.57,1,1,0,0,0,0,0,7.0,27,5,2,2,0,1,0,1,0,0,3,63
<a href=wins.aspx?date=2014-04-17&team=Pirates&dh=0>2014-04-17</a>,PIT,MIL,1,1,0,2.57,1,1,0,0,0,0,0,7.0,28,8,2,2,0,1,0,0,1,0,3,57
<a href=wins.aspx?date=2014-04-12&team=Pirates&dh=0>2014-04-12</a>,PIT,@MIL,1,0,0,1.42,1,1,0,0,0,0,0,6.1,26,4,2,1,1,2,0,0,1,0,4,54
<a href=wins.aspx?date=2014-04-06&team=Pirates&dh=0>2014-04-06</a>,PIT,STL,1,0,0,1.59,1,1,0,0,0,0,0,5.2,21,3,1,1,0,1,1,0,0,0,4,63
<a href=wins.aspx?date=2014-04-03&team=Pirates&dh=0>2014-04-03</a>,PIT,CHC,0,0,0,0.00,1,0,0,0,0,0,0,2.0,7,1,0,0,0,0,0,0,0,0,2,
<a href=wins.aspx?date=2013-09-26&team=Dodgers&dh=0>2013-09-26</a>,LAD,@SFG,1,0,0,3.60,1,1,0,0,0,0,0,5.0,21,4,2,2,0,3,0,0,1,0,4,51
<a href=wins.aspx?date=2013-09-20&team=Dodgers&dh=0>2013-09-20</a>,LAD,@SDP,1,0,1,1.42,1,1,0,0,0,0,0,6.1,29,5,2,1,1,4,0,0,0,0,6,51
<a href=wins.aspx?date=2013-09-15&team=Dodgers&dh=0>2013-09-15</a>,LAD,SFG,1,0,0,4.76,1,1,0,0,0,0,0,5.2,22,5,3,3,2,0,0,0,1,0,7,47
<a href=wins.aspx?date=2013-09-10&team=Dodgers&dh=0>2013-09-10</a>,LAD,ARI,1,0,0,4.50,1,1,0,0,0,0,0,6.0,23,4,3,3,1,1,0,0,2,0,5,53
<a href=wins.aspx?date=2013-09-04&team=Dodgers&dh=0>2013-09-04</a>,LAD,@COL,1,0,1,9.00,1,1,0,0,0,0,0,4.0,19,6,4,4,1,0,0,0,1,0,4,35
<a href=wins.aspx?date=2013-08-30&team=Dodgers&dh=0>2013-08-30</a>,LAD,SDP,0,0,0,0.00,1,0,0,0,0,0,0,1.0,4,1,0,0,0,0,0,0,0,0,0,
<a href=wins.aspx?date=2013-08-23&team=Padres&dh=0>2013-08-23</a>,SDP,CHC,1,0,0,67.50,1,1,0,0,0,0,0,0.2,11,5,6,5,1,2,0,1,0,0,0,3
<a href=wins.aspx?date=2013-08-17&team=Padres&dh=0>2013-08-17</a>,SDP,NYM,1,1,0,3.60,1,1,0,0,0,0,0,5.0,24,7,2,2,0,2,0,0,0,0,5,48
<a href=wins.aspx?date=2013-08-12&team=Padres&dh=0>2013-08-12</a>,SDP,@COL,1,0,1,16.62,1,1,0,0,0,0,0,4.1,26,9,8,8,1,3,0,0,1,0,2,11
<a href=wins.aspx?date=2013-08-06&team=Padres&dh=0>2013-08-06</a>,SDP,BAL,1,0,1,3.00,1,1,0,0,0,0,0,6.0,25,6,2,2,1,2,0,0,0,0,6,51
<a href=wins.aspx?date=2013-07-30&team=Padres&dh=0>2013-07-30</a>,SDP,CIN,1,0,0,2.84,1,1,0,0,0,0,0,6.1,27,4,2,2,0,5,0,0,0,0,3,54
<a href=wins.aspx?date=2013-07-25&team=Padres&dh=0>2013-07-25</a>,SDP,@MIL,1,1,0,5.06,1,1,0,0,0,0,0,5.1,25,6,3,3,2,3,0,0,0,0,5,35
<a href=wins.aspx?date=2013-07-20&team=Padres&dh=0>2013-07-20</a>,SDP,@STL,1,1,0,5.40,1,1,0,0,0,0,0,5.0,20,4,3,3,0,1,0,0,2,0,1,49
<a href=wins.aspx?date=2013-07-13&team=Padres&dh=0>2013-07-13</a>,SDP,SFG,1,0,1,14.40,1,1,0,0,0,0,0,5.0,25,9,8,8,1,1,0,0,0,0,6,23
<a href=wins.aspx?date=2013-07-08&team=Padres&dh=0>2013-07-08</a>,SDP,COL,1,0,1,6.75,1,1,0,0,0,0,0,5.1,27,8,4,4,0,4,0,0,1,0,3,36
<a href=wins.aspx?date=2013-07-03&team=Padres&dh=0>2013-07-03</a>,SDP,@BOS,1,0,0,1.50,1,1,0,0,0,0,0,6.0,26,7,1,1,0,1,1,1,0,0,6,60
<a href=wins.aspx?date=2013-06-28&team=Padres&dh=0>2013-06-28</a>,SDP,@MIA,1,1,0,3.00,1,1,0,0,0,0,0,6.0,26,7,2,2,0,1,0,0,0,0,8,59
<a href=wins.aspx?date=2013-06-22&team=Padres&dh=0>2013-06-22</a>,SDP,LAD,1,0,1,3.18,1,1,0,0,0,0,0,5.2,27,2,5,2,1,7,0,0,0,0,7,39
<a href=wins.aspx?date=2013-06-17&team=Padres&dh=0>2013-06-17</a>,SDP,@SFG,1,0,0,5.40,1,1,0,0,0,0,0,5.0,21,6,3,3,0,1,0,0,0,0,6,50
<a href=wins.aspx?date=2013-06-12&team=Padres&dh=0>2013-06-12</a>,SDP,ATL,1,1,0,1.29,1,1,0,0,0,0,0,7.0,28,6,1,1,0,3,0,0,0,0,9,67
<a href=wins.aspx?date=2013-06-07&team=Padres&dh=0>2013-06-07</a>,SDP,@COL,1,0,0,34.71,1,1,0,0,0,0,0,2.1,21,11,9,9,0,2,0,1,0,0,1,-1
<a href=wins.aspx?date=2013-06-02&team=Padres&dh=0>2013-06-02</a>,SDP,TOR,1,0,0,7.20,1,1,0,0,0,0,0,5.0,23,6,4,4,1,3,0,0,1,0,7,38
<a href=wins.aspx?date=2013-05-28&team=Padres&dh=0>2013-05-28</a>,SDP,@SEA,1,1,0,1.17,1,1,0,0,0,0,0,7.2,29,4,1,1,0,3,0,0,0,0,5,71
<a href=wins.aspx?date=2013-05-21&team=Padres&dh=0>2013-05-21</a>,SDP,STL,1,0,1,7.50,1,1,0,0,0,0,0,6.0,26,8,5,5,0,1,0,0,0,0,5,45
<a href=wins.aspx?date=2013-05-16&team=Padres&dh=0>2013-05-16</a>,SDP,WSN,1,0,1,9.00,1,1,0,0,0,0,0,5.0,23,5,5,5,1,4,0,0,0,0,7,35
<a href=wins.aspx?date=2013-05-10&team=Padres&dh=0>2013-05-10</a>,SDP,@TBR,1,0,0,3.00,1,1,0,0,0,0,0,6.0,25,3,2,2,0,4,0,0,1,0,3,56
<a href=wins.aspx?date=2013-05-05&team=Padres&dh=0>2013-05-05</a>,SDP,ARI,1,1,0,1.35,1,1,0,0,0,0,0,6.2,27,4,1,1,1,3,0,0,0,0,3,57
<a href=wins.aspx?date=2013-04-30&team=Padres&dh=0>2013-04-30</a>,SDP,@CHC,1,1,0,6.35,1,1,0,0,0,0,0,5.2,26,7,4,4,2,3,0,0,0,0,3,30
<a href=wins.aspx?date=2013-04-24&team=Padres&dh=0>2013-04-24</a>,SDP,MIL,1,1,0,0.00,1,1,0,0,0,0,0,7.0,26,5,0,0,0,0,0,0,0,0,3,72
<a href=wins.aspx?date=2013-04-19&team=Padres&dh=0>2013-04-19</a>,SDP,@SFG,1,0,0,3.00,1,1,0,0,0,0,0,6.0,28,8,2,2,0,3,0,0,2,0,3,48
<a href=wins.aspx?date=2013-04-13&team=Padres&dh=0>2013-04-13</a>,SDP,COL,1,0,1,16.20,1,1,0,0,0,0,0,3.1,21,6,7,6,1,3,1,0,1,0,4,16
<a href=wins.aspx?date=2013-04-07&team=Padres&dh=0>2013-04-07</a>,SDP,@COL,1,0,1,6.00,1,1,0,0,0,0,0,6.0,27,9,4,4,1,1,0,0,2,0,1,36
<a href=wins.aspx?date=2013-04-01&team=Padres&dh=0>2013-04-01</a>,SDP,@NYM,1,0,1,18.00,1,1,0,0,0,0,0,3.0,19,6,6,6,0,3,0,0,0,0,4,23
<a href=wins.aspx?date=2012-09-30&team=Padres&dh=0>2012-09-30</a>,SDP,SFG,1,0,0,4.50,1,1,0,0,0,0,0,4.0,20,6,2,2,0,3,0,1,0,0,4,42
<a href=wins.aspx?date=2012-09-25&team=Padres&dh=0>2012-09-25</a>,SDP,LAD,1,1,0,0.00,1,1,0,0,0,0,0,7.0,28,6,0,0,0,2,0,1,0,0,4,68
<a href=wins.aspx?date=2012-09-19&team=Padres&dh=0>2012-09-19</a>,SDP,@ARI,1,0,1,6.00,1,1,0,0,0,0,0,6.0,27,8,4,4,0,0,0,1,0,1,5,51
<a href=wins.aspx?date=2012-09-11&team=Padres&dh=0>2012-09-11</a>,SDP,STL,1,1,0,3.38,1,1,0,0,0,0,0,5.1,27,4,3,2,0,6,0,0,0,0,6,47
<a href=wins.aspx?date=2012-09-01&team=Padres&dh=0>2012-09-01</a>,SDP,@COL,1,0,1,9.64,1,1,0,0,0,0,0,4.2,25,9,5,5,1,3,1,0,0,0,5,26
<a href=wins.aspx?date=2012-08-26&team=Padres&dh=0>2012-08-26</a>,SDP,@ARI,1,1,0,2.57,1,1,0,0,0,0,0,7.0,27,4,2,2,0,2,0,1,0,0,7,69
<a href=wins.aspx?date=2012-08-20&team=Padres&dh=0>2012-08-20</a>,SDP,PIT,1,1,0,1.35,1,1,0,0,0,0,0,6.2,29,5,1,1,0,3,0,1,0,0,10,69
<a href=wins.aspx?date=2012-08-15&team=Padres&dh=0>2012-08-15</a>,SDP,@ATL,1,0,1,14.73,1,1,0,0,0,0,0,3.2,21,7,6,6,1,2,0,1,1,0,5,23
<a href=wins.aspx?date=2012-08-10&team=Padres&dh=0>2012-08-10</a>,SDP,@PIT,1,0,0,16.20,1,1,0,0,0,0,0,3.1,21,7,6,6,2,4,0,0,1,0,3,9
<a href=wins.aspx?date=2012-08-04&team=Padres&dh=0>2012-08-04</a>,SDP,NYM,1,0,1,21.60,1,1,0,0,0,0,0,1.2,11,2,4,4,0,4,0,0,0,0,3,27
<a href=wins.aspx?date=2012-07-30&team=Padres&dh=0>2012-07-30</a>,SDP,@CIN,1,1,0,9.00,1,1,0,0,0,0,0,5.0,24,6,5,5,2,3,0,0,1,0,5,28
<a href=wins.aspx?date=2012-07-24&team=Padres&dh=0>2012-07-24</a>,SDP,@SFG,1,0,0,2.57,1,1,0,0,0,0,0,7.0,27,3,2,2,0,3,0,0,0,0,8,70
<a href=wins.aspx?date=2012-07-19&team=Padres&dh=0>2012-07-19</a>,SDP,HOU,1,1,0,0.00,1,1,1,1,0,0,0,9.0,30,1,0,0,0,3,0,0,0,0,5,89
<a href=wins.aspx?date=2012-07-14&team=Padres&dh=0>2012-07-14</a>,SDP,@LAD,1,0,0,5.40,1,1,0,0,0,0,0,5.0,27,7,4,3,0,4,1,0,0,0,6,40
<a href=wins.aspx?date=2012-07-05&team=Padres&dh=0>2012-07-05</a>,SDP,CIN,1,0,0,1.29,1,1,0,0,0,0,0,7.0,27,5,1,1,0,3,1,0,0,0,10,71
<a href=wins.aspx?date=2012-06-30&team=Padres&dh=0>2012-06-30</a>,SDP,@COL,1,1,0,1.50,1,1,0,0,0,0,0,6.0,25,3,2,1,1,6,0,1,0,0,8,52
<a href=wins.aspx?date=2012-06-24&team=Padres&dh=0>2012-06-24</a>,SDP,SEA,1,1,0,0.00,1,1,0,0,0,0,0,6.2,27,4,0,0,0,3,0,0,0,0,4,68
<a href=wins.aspx?date=2012-06-19&team=Padres&dh=0>2012-06-19</a>,SDP,TEX,1,0,1,10.80,1,1,0,0,0,0,0,5.0,23,5,6,6,0,4,0,0,0,0,6,38
<a href=wins.aspx?date=2012-06-14&team=Padres&dh=0>2012-06-14</a>,SDP,@SEA,1,1,0,1.35,1,1,0,0,0,0,0,6.2,29,4,1,1,0,4,0,1,0,0,6,65
<a href=wins.aspx?date=2012-06-08&team=Padres&dh=0>2012-06-08</a>,SDP,@MIL,1,0,1,10.80,1,1,0,0,0,0,0,5.0,24,6,6,6,3,4,0,0,3,0,4,16
<a href=wins.aspx?date=2012-06-02&team=Padres&dh=0>2012-06-02</a>,SDP,ARI,1,0,0,3.00,1,1,0,0,0,0,0,6.0,26,4,2,2,1,5,0,0,0,0,5,49
<a href=wins.aspx?date=2012-05-27&team=Padres&dh=0>2012-05-27</a>,SDP,@NYM,1,0,1,3.18,1,1,0,0,0,0,0,5.2,25,5,2,2,0,3,0,0,2,0,5,55
<a href=wins.aspx?date=2012-05-22&team=Padres&dh=0>2012-05-22</a>,SDP,@STL,1,0,1,4.50,1,1,0,0,0,0,0,6.0,27,5,3,3,0,4,1,1,0,0,1,48
<a href=wins.aspx?date=2012-05-17&team=Padres&dh=0>2012-05-17</a>,SDP,LAD,1,0,1,9.00,1,1,0,0,0,0,0,5.0,25,8,5,5,0,3,0,0,0,0,6,37
<a href=wins.aspx?date=2012-05-12&team=Padres&dh=0>2012-05-12</a>,SDP,@PHI,1,1,0,1.50,1,1,0,0,0,0,0,6.0,26,6,1,1,0,2,0,0,0,0,5,60
<a href=wins.aspx?date=2012-05-07&team=Padres&dh=0>2012-05-07</a>,SDP,COL,1,1,0,3.38,1,1,0,0,0,0,0,5.1,22,5,2,2,1,4,0,0,0,0,5,45
<a href=wins.aspx?date=2012-05-01&team=Padres&dh=0>2012-05-01</a>,SDP,MIL,1,0,0,0.00,1,1,0,0,0,0,0,7.0,26,3,0,0,0,2,0,0,0,0,4,74
<a href=wins.aspx?date=2012-04-26&team=Padres&dh=0>2012-04-26</a>,SDP,WSN,1,0,0,1.29,1,1,0,0,0,0,0,7.0,25,3,1,1,1,1,0,0,0,0,7,70
<a href=wins.aspx?date=2012-04-20&team=Padres&dh=0>2012-04-20</a>,SDP,PHI,1,0,1,4.50,1,1,0,0,0,0,0,6.0,25,5,3,3,0,3,0,0,0,0,5,54
<a href=wins.aspx?date=2012-04-15&team=Padres&dh=0>2012-04-15</a>,SDP,@LAD,1,0,0,7.20,1,1,0,0,0,0,0,5.0,26,6,4,4,1,5,1,0,0,0,2,30
<a href=wins.aspx?date=2012-04-10&team=Padres&dh=0>2012-04-10</a>,SDP,ARI,1,0,0,2.57,1,1,0,0,0,0,0,7.0,28,5,2,2,0,3,1,0,0,0,8,66
<a href=wins.aspx?date=2012-04-05&team=Padres&dh=0>2012-04-05</a>,SDP,LAD,1,0,1,3.60,1,1,0,0,0,0,0,5.0,22,3,3,2,0,4,0,0,1,0,7,52
<a href=wins.aspx?date=2011-09-28&team=Reds&dh=0>2011-09-28</a>,CIN,@NYM,1,0,1,3.86,1,1,0,0,0,0,0,7.0,28,6,3,3,1,1,0,0,0,0,5,56
<a href=wins.aspx?date=2011-09-23&team=Reds&dh=0>2011-09-23</a>,CIN,@PIT,1,0,0,5.40,1,1,0,0,0,0,0,5.0,22,6,3,3,1,2,0,0,0,0,5,42
<a href=wins.aspx?date=2011-09-17&team=Reds&dh=0>2011-09-17</a>,CIN,MIL,1,0,1,6.75,1,1,0,0,0,0,0,6.2,29,6,5,5,1,3,1,1,1,0,6,45
<a href=wins.aspx?date=2011-09-11&team=Reds&dh=0>2011-09-11</a>,CIN,@COL,1,0,1,3.60,1,1,0,0,0,0,0,5.0,23,4,2,2,1,4,0,0,0,0,3,43
<a href=wins.aspx?date=2011-07-05&team=Reds&dh=0>2011-07-05</a>,CIN,@STL,1,0,1,10.13,1,1,0,0,0,0,0,5.1,26,7,7,6,3,2,0,0,0,0,3,16
<a href=wins.aspx?date=2011-06-29&team=Reds&dh=0>2011-06-29</a>,CIN,@TBR,1,1,0,4.26,1,1,0,0,0,0,0,6.1,24,4,3,3,1,3,0,0,0,0,7,54
<a href=wins.aspx?date=2011-06-24&team=Reds&dh=0>2011-06-24</a>,CIN,@BAL,1,0,0,8.31,1,1,0,0,0,0,0,4.1,24,7,4,4,1,5,0,0,0,0,4,26
<a href=wins.aspx?date=2011-06-18&team=Reds&dh=0>2011-06-18</a>,CIN,TOR,1,0,1,7.20,1,1,0,0,0,0,0,5.0,25,7,4,4,1,2,1,0,0,1,8,40
<a href=wins.aspx?date=2011-06-12&team=Reds&dh=0>2011-06-12</a>,CIN,@SFG,1,0,0,3.00,1,1,0,0,0,0,0,6.0,25,5,2,2,0,3,0,0,0,0,5,57
<a href=wins.aspx?date=2011-06-07&team=Reds&dh=0>2011-06-07</a>,CIN,CHC,1,1,0,1.29,1,1,0,0,0,0,0,7.0,28,7,1,1,0,2,0,0,0,0,5,64
<a href=wins.aspx?date=2011-05-22&team=Reds&dh=0>2011-05-22</a>,CIN,@CLE,1,0,1,20.25,1,1,0,0,0,0,0,2.2,20,7,7,6,1,4,0,1,1,0,3,8
<a href=wins.aspx?date=2011-05-17&team=Reds&dh=0>2011-05-17</a>,CIN,CHC,1,0,0,4.50,1,1,0,0,0,0,0,6.0,24,3,3,3,1,1,0,1,0,0,9,60
<a href=wins.aspx?date=2011-05-11&team=Reds&dh=0>2011-05-11</a>,CIN,@HOU,1,0,0,6.75,1,1,0,0,0,0,0,4.0,20,3,3,3,0,5,0,0,0,0,3,40
<a href=wins.aspx?date=2011-05-06&team=Reds&dh=0>2011-05-06</a>,CIN,@CHC,1,1,0,5.40,1,1,0,0,0,0,0,5.0,25,6,4,3,0,4,0,0,2,0,3,39
<a href=wins.aspx?date=2011-04-30&team=Reds&dh=0>2011-04-30</a>,CIN,FLA,1,0,0,1.80,1,1,0,0,0,0,0,5.0,21,2,1,1,0,5,0,0,0,0,4,55
<a href=wins.aspx?date=2011-04-24&team=Reds&dh=0>2011-04-24</a>,CIN,@STL,1,0,1,4.76,1,1,0,0,0,0,0,5.2,26,6,3,3,1,3,1,0,0,0,7,46
<a href=wins.aspx?date=2011-04-17&team=Reds&dh=0>2011-04-17</a>,CIN,PIT,1,0,0,9.53,1,1,0,0,0,0,0,5.2,26,5,6,6,3,6,0,0,0,0,6,20
<a href=wins.aspx?date=2011-04-11&team=Reds&dh=0>2011-04-11</a>,CIN,@SDP,1,1,0,3.00,1,1,0,0,0,0,0,6.0,22,3,2,2,0,3,0,1,0,0,5,61
<a href=wins.aspx?date=2011-04-06&team=Reds&dh=0>2011-04-06</a>,CIN,HOU,1,1,0,7.20,1,1,0,0,0,0,0,5.0,24,5,4,4,0,5,0,0,0,1,8,44
<a href=wins.aspx?date=2011-03-31&team=Reds&dh=0>2011-03-31</a>,CIN,MIL,1,0,0,7.50,1,1,0,0,0,0,0,6.0,27,7,5,5,3,2,0,0,1,0,5,28
<a href=wins.aspx?date=2010-09-28&team=Reds&dh=0>2010-09-28</a>,CIN,HOU,1,0,0,3.00,1,1,0,0,0,0,0,6.0,25,7,2,2,0,1,0,0,1,0,8,60
<a href=wins.aspx?date=2010-09-21&team=Reds&dh=0>2010-09-21</a>,CIN,@MIL,1,1,0,1.13,1,1,0,0,0,0,0,8.0,27,3,1,1,0,4,0,0,0,0,6,75
<a href=wins.aspx?date=2010-09-16&team=Reds&dh=0>2010-09-16</a>,CIN,ARI,1,0,1,4.05,1,1,0,0,0,0,0,6.2,28,6,3,3,0,2,0,0,2,0,7,60
<a href=wins.aspx?date=2010-09-11&team=Reds&dh=0>2010-09-11</a>,CIN,PIT,1,0,0,0.00,1,1,0,0,0,0,0,7.0,23,1,0,0,0,1,0,0,0,0,10,86
<a href=wins.aspx?date=2010-08-23&team=Reds&dh=0>2010-08-23</a>,CIN,@SFG,1,0,1,67.50,1,1,0,0,0,0,0,0.2,10,5,5,5,0,3,0,0,1,0,1,12
<a href=wins.aspx?date=2010-08-18&team=Reds&dh=0>2010-08-18</a>,CIN,@ARI,1,0,0,9.64,1,1,0,0,0,0,0,4.2,22,6,5,5,1,3,0,0,0,0,5,32
<a href=wins.aspx?date=2010-08-13&team=Reds&dh=0>2010-08-13</a>,CIN,FLA,1,1,0,1.50,1,1,0,0,0,0,0,6.0,27,8,1,1,1,2,0,1,1,0,6,51
<a href=wins.aspx?date=2010-08-07&team=Reds&dh=0>2010-08-07</a>,CIN,@CHC,1,0,0,1.35,1,1,0,0,0,0,0,6.2,28,6,1,1,0,4,0,0,0,0,2,57
<a href=wins.aspx?date=2010-08-01&team=Reds&dh=0>2010-08-01</a>,CIN,ATL,1,1,0,1.80,1,1,0,0,0,0,0,5.0,24,3,1,1,1,5,0,1,0,0,6,49
<a href=wins.aspx?date=2010-07-27&team=Reds&dh=0>2010-07-27</a>,CIN,@MIL,1,0,0,9.82,1,1,0,0,0,0,0,3.2,22,6,4,4,2,4,0,1,0,0,3,19
<a href=wins.aspx?date=2010-07-22&team=Reds&dh=0>2010-07-22</a>,CIN,WSN,1,0,1,23.14,1,1,0,0,0,0,0,2.1,16,5,6,6,1,4,0,0,0,0,4,14
<a href=wins.aspx?date=2010-07-17&team=Reds&dh=0>2010-07-17</a>,CIN,COL,1,1,0,1.50,1,1,0,0,0,0,0,6.0,23,3,1,1,0,2,0,0,0,0,9,70
<a href=wins.aspx?date=2009-06-01&team=Reds&dh=0>2009-06-01</a>,CIN,@STL,1,0,0,9.00,1,1,0,0,0,0,0,1.0,6,2,1,1,0,1,0,0,0,0,2,39
<a href=wins.aspx?date=2009-05-16&team=Reds&dh=0>2009-05-16</a>,CIN,@SDP,1,0,0,3.18,1,1,0,0,0,0,0,5.2,24,4,2,2,1,3,0,0,0,0,2,50
<a href=wins.aspx?date=2009-05-10&team=Reds&dh=0>2009-05-10</a>,CIN,STL,1,0,0,9.45,1,1,0,0,0,0,0,6.2,31,6,7,7,1,3,0,1,0,0,8,43
<a href=wins.aspx?date=2009-05-05&team=Reds&dh=0>2009-05-05</a>,CIN,@FLA,1,1,0,0.00,1,1,0,0,0,0,0,8.0,29,3,0,0,0,4,0,1,1,0,7,81
<a href=wins.aspx?date=2009-04-29&team=Reds&dh=0>2009-04-29</a>,CIN,HOU,1,1,0,0.00,1,1,0,0,0,0,0,8.0,27,1,0,0,0,1,0,1,0,0,6,90
<a href=wins.aspx?date=2009-04-24&team=Reds&dh=0>2009-04-24</a>,CIN,ATL,1,0,1,5.40,1,1,0,0,0,0,0,5.0,24,1,3,3,1,7,0,1,0,0,7,46
<a href=wins.aspx?date=2009-04-19&team=Reds&dh=0>2009-04-19</a>,CIN,@HOU,1,1,0,1.50,1,1,0,0,0,0,0,6.0,27,4,1,1,0,5,0,0,0,0,7,62
<a href=wins.aspx?date=2009-04-13&team=Reds&dh=0>2009-04-13</a>,CIN,@MIL,1,1,0,10.80,1,1,0,0,0,0,0,5.0,27,7,6,6,2,4,0,1,0,1,4,22
<a href=wins.aspx?date=2009-04-08&team=Reds&dh=0>2009-04-08</a>,CIN,NYM,1,0,1,8.31,1,1,0,0,0,0,0,4.1,23,6,5,4,1,4,0,0,1,0,4,29
<a href=wins.aspx?date=2008-09-23&team=Reds&dh=0>2008-09-23</a>,CIN,@HOU,1,1,0,1.23,1,1,0,0,0,0,0,7.1,28,6,1,1,1,1,1,1,0,0,9,70
<a href=wins.aspx?date=2008-09-18&team=Reds&dh=0>2008-09-18</a>,CIN,STL,1,0,1,5.14,1,1,0,0,0,0,0,7.0,29,3,4,4,1,6,0,0,0,0,5,51
<a href=wins.aspx?date=2008-09-13&team=Reds&dh=0>2008-09-13</a>,CIN,@ARI,1,0,0,3.00,1,1,0,0,0,0,0,6.0,27,5,2,2,0,6,0,1,1,0,8,56
<a href=wins.aspx?date=2008-09-08&team=Reds&dh=0>2008-09-08</a>,CIN,@MIL,1,0,0,6.35,1,1,0,0,0,0,0,5.2,25,5,4,4,2,3,0,0,0,0,10,44
<a href=wins.aspx?date=2008-09-03&team=Reds&dh=0>2008-09-03</a>,CIN,PIT,1,0,0,5.14,1,1,0,0,0,0,0,7.0,29,6,4,4,0,1,1,1,0,0,13,69
<a href=wins.aspx?date=2008-08-29&team=Reds&dh=0>2008-08-29</a>,CIN,SFG,1,1,0,10.13,1,1,0,0,0,0,0,5.1,26,8,6,6,0,3,0,0,0,0,6,38
<a href=wins.aspx?date=2008-08-23&team=Reds&dh=0>2008-08-23</a>,CIN,@COL,1,0,0,4.50,1,1,0,0,0,0,0,6.0,25,6,3,3,0,3,0,0,1,0,5,54
<a href=wins.aspx?date=2008-08-17&team=Reds&dh=0>2008-08-17</a>,CIN,STL,1,1,0,0.00,1,1,0,0,0,0,0,7.0,27,3,0,0,0,4,0,1,0,0,4,72
<a href=wins.aspx?date=2008-08-12&team=Reds&dh=0>2008-08-12</a>,CIN,@PIT,1,1,0,1.35,1,1,0,0,0,0,0,6.2,27,5,1,1,0,3,0,0,0,0,5,66
<a href=wins.aspx?date=2008-08-05&team=Reds&dh=0>2008-08-05</a>,CIN,MIL,1,0,1,9.00,1,1,0,0,0,0,0,5.0,24,9,5,5,0,1,1,0,0,0,2,37
<a href=wins.aspx?date=2008-07-30&team=Reds&dh=0>2008-07-30</a>,CIN,@HOU,1,1,0,1.42,1,1,0,0,0,0,0,6.1,27,6,5,1,2,1,0,0,0,0,5,42
<a href=wins.aspx?date=2008-07-25&team=Reds&dh=0>2008-07-25</a>,CIN,COL,1,0,1,11.25,1,1,0,0,0,0,0,4.0,22,7,5,5,2,2,0,1,0,0,5,24
<a href=wins.aspx?date=2008-07-20&team=Reds&dh=0>2008-07-20</a>,CIN,NYM,1,0,0,7.20,1,1,0,0,0,0,0,5.0,26,8,4,4,1,3,0,1,1,0,3,33
<a href=wins.aspx?date=2008-07-12&team=Reds&dh=0>2008-07-12</a>,CIN,@MIL,1,1,0,1.29,1,1,0,0,0,0,0,7.0,29,6,2,1,1,2,0,0,0,0,10,64
<a href=wins.aspx?date=2008-07-06&team=Reds&dh=0>2008-07-06</a>,CIN,WSN,1,1,0,4.50,1,1,0,0,0,0,0,6.0,26,5,3,3,0,3,0,1,0,0,3,54
<a href=wins.aspx?date=2008-07-01&team=Reds&dh=0>2008-07-01</a>,CIN,PIT,1,0,0,5.06,1,1,0,0,0,0,0,5.1,24,7,3,3,0,3,1,0,0,0,3,46
<a href=wins.aspx?date=2008-06-26&team=Reds&dh=0>2008-06-26</a>,CIN,@TOR,1,0,1,10.38,1,1,0,0,0,0,0,4.1,24,6,7,5,1,3,0,1,1,0,0,21
<a href=wins.aspx?date=2008-06-20&team=Reds&dh=0>2008-06-20</a>,CIN,@NYY,1,1,0,2.57,1,1,0,0,0,0,0,7.0,26,7,2,2,0,1,0,0,1,1,5,65
<a href=wins.aspx?date=2008-06-14&team=Reds&dh=0>2008-06-14</a>,CIN,BOS,1,0,0,2.57,1,1,0,0,0,0,0,7.0,29,7,3,2,0,1,0,0,2,0,9,66
<a href=wins.aspx?date=2008-06-09&team=Reds&dh=0>2008-06-09</a>,CIN,@FLA,1,1,0,4.50,1,1,0,0,0,0,0,6.0,27,3,3,3,0,5,0,0,0,0,5,56
<a href=wins.aspx?date=2008-06-04&team=Reds&dh=0>2008-06-04</a>,CIN,@PHI,1,1,0,0.00,1,1,0,0,0,0,0,7.0,28,2,0,0,0,2,0,2,1,0,8,82
<a href=wins.aspx?date=2008-05-30&team=Reds&dh=0>2008-05-30</a>,CIN,ATL,1,0,0,3.00,1,1,0,0,0,0,0,6.0,25,5,2,2,0,3,0,0,0,0,7,61
<a href=wins.aspx?date=2008-05-25&team=Reds&dh=0>2008-05-25</a>,CIN,@SDP,0,0,1,0.00,1,0,0,0,0,0,0,1.2,8,1,3,0,1,1,0,0,0,0,2,
<a href=wins.aspx?date=2008-05-23&team=Reds&dh=0>2008-05-23</a>,CIN,@SDP,1,0,0,1.50,1,1,0,0,0,0,0,6.0,23,2,1,1,0,2,0,1,0,0,12,77
<a href=wins.aspx?date=2008-05-18&team=Reds&dh=0>2008-05-18</a>,CIN,CLE,1,1,0,3.00,1,1,0,0,0,0,0,6.0,26,4,2,2,1,4,1,2,0,0,5,53
<a href=wins.aspx?date=2008-05-13&team=Reds&dh=0>2008-05-13</a>,CIN,FLA,1,1,0,1.50,1,1,0,0,0,0,0,6.0,27,7,1,1,0,2,0,0,0,0,5,60
<a href=wins.aspx?date=2008-05-07&team=Reds&dh=0>2008-05-07</a>,CIN,CHC,1,1,0,0.00,1,1,0,0,0,0,0,7.0,30,4,0,0,0,6,0,0,0,0,10,72
<a href=wins.aspx?date=2008-05-02&team=Reds&dh=0>2008-05-02</a>,CIN,@ATL,1,0,1,1.50,1,1,0,0,0,0,0,6.0,24,4,2,1,1,2,0,0,0,0,9,61
<a href=wins.aspx?date=2008-04-27&team=Reds&dh=0>2008-04-27</a>,CIN,@SFG,1,1,0,1.29,1,1,0,0,0,0,0,7.0,30,5,1,1,0,3,0,1,2,0,10,73
<a href=wins.aspx?date=2008-04-22&team=Reds&dh=0>2008-04-22</a>,CIN,LAD,1,1,0,1.29,1,1,0,0,0,0,0,7.0,26,3,1,1,0,4,0,0,0,0,7,72
<a href=wins.aspx?date=2008-04-17&team=Reds&dh=0>2008-04-17</a>,CIN,@CHC,1,1,0,1.80,1,1,0,0,0,0,0,5.0,22,4,1,1,0,4,0,0,0,0,7,58
<a href=wins.aspx?date=2008-04-11&team=Reds&dh=0>2008-04-11</a>,CIN,@PIT,1,0,0,0.00,1,1,0,0,0,0,0,5.0,19,3,0,0,0,3,0,0,0,0,1,59
<a href=wins.aspx?date=2008-04-06&team=Reds&dh=0>2008-04-06</a>,CIN,PHI,1,1,0,1.69,1,1,0,0,0,0,0,5.1,23,5,1,1,0,2,0,0,0,0,8,63
<a href=wins.aspx?date=2007-09-28&team=Rangers&dh=0>2007-09-28</a>,TEX,@SEA,1,0,0,5.06,1,1,0,0,0,0,0,5.1,25,6,3,3,0,3,0,0,0,0,3,49
<a href=wins.aspx?date=2007-09-22&team=Rangers&dh=0>2007-09-22</a>,TEX,BAL,1,0,0,7.94,1,1,0,0,0,0,0,5.2,26,7,5,5,1,2,0,0,0,0,5,41
<a href=wins.aspx?date=2007-09-17&team=Rangers&dh=0>2007-09-17</a>,TEX,@MIN,1,0,0,1.50,1,1,0,0,0,0,0,6.0,24,5,2,1,1,1,0,1,0,0,6,59
<a href=wins.aspx?date=2007-09-12&team=Rangers&dh=0>2007-09-12</a>,TEX,@DET,1,0,1,7.50,1,1,0,0,0,0,0,6.0,27,7,5,5,2,4,0,0,0,0,6,34
<a href=wins.aspx?date=2007-09-07&team=Rangers&dh=0>2007-09-07</a>,TEX,OAK,1,1,0,0.00,1,1,0,0,0,0,0,6.0,22,2,0,0,0,3,0,0,0,0,5,72
<a href=wins.aspx?date=2007-09-01&team=Rangers&dh=0>2007-09-01</a>,TEX,@LAA,1,1,0,5.40,1,1,0,0,0,0,0,5.0,25,7,3,3,0,2,0,1,0,0,4,48
<a href=wins.aspx?date=2006-09-25&team=Rangers&dh=0>2006-09-25</a>,TEX,@LAA,1,0,1,15.00,1,1,0,0,0,0,0,3.0,18,9,5,5,2,0,0,1,0,0,1,16
<a href=wins.aspx?date=2006-09-19&team=Rangers&dh=0>2006-09-19</a>,TEX,SEA,1,0,0,9.00,1,1,0,0,0,0,0,4.0,23,8,5,4,1,3,0,0,0,0,1,24
<a href=wins.aspx?date=2006-09-14&team=Rangers&dh=0>2006-09-14</a>,TEX,LAA,1,0,1,3.60,1,1,0,0,0,0,0,5.0,20,6,2,2,1,0,0,0,0,0,2,50
<a href=wins.aspx?date=2006-09-02&team=Rangers&dh=0>2006-09-02</a>,TEX,CLE,1,0,1,32.40,1,1,0,0,0,0,0,1.2,13,5,6,6,2,3,0,0,0,0,1,7
<a href=wins.aspx?date=2006-08-25&team=Rangers&dh=0>2006-08-25</a>,TEX,OAK,1,0,1,6.75,1,1,0,0,0,0,0,4.0,20,7,3,3,0,3,0,0,0,0,2,39
<a href=wins.aspx?date=2006-08-17&team=Rangers&dh=0>2006-08-17</a>,TEX,@DET,1,0,1,7.36,1,1,0,0,0,0,0,3.2,20,8,3,3,0,3,0,0,0,0,1,34
<a href=wins.aspx?date=2006-08-12&team=Rangers&dh=0>2006-08-12</a>,TEX,SEA,1,1,0,0.00,1,1,0,0,0,0,0,7.0,28,4,0,0,0,3,0,0,0,0,3,73
<a href=wins.aspx?date=2006-08-07&team=Rangers&dh=0>2006-08-07</a>,TEX,@OAK,1,0,1,7.20,1,1,0,0,0,0,0,5.0,22,5,4,4,1,2,0,0,0,0,4,44
